participant_id,session,trial_num,trial_date_time,condition,error_color,error_position,rt_color,rt_location
e0010GP,Encoding,1,"2020,11,12,10,37,5.359",29,-0.314002056979376,-1.7876697978625,6380.60042004065,13387.9300182455
e0010GP,Encoding,2,"2020,11,12,10,37,33.887",19,-0.411586984144903,0.0488328821173232,4496.44296754451,9515.36972317314
e0010GP,Encoding,3,"2020,11,12,10,37,56.358",1,-5.57791397785315,-0.0665077505651537,3477.92323261228,9597.27120187813
e0010GP,Encoding,4,"2020,11,12,10,38,17.869",3,-0.169150023028761,-0.0644722624114378,3963.883071282,9278.8821944867
e0010GP,Encoding,5,"2020,11,12,10,38,39.596",24,-4.63975134055331,3.80025874737186,4083.49701156498,20412.9465424647
e0010GP,Encoding,6,"2020,11,12,10,39,12.6",20,-6.26638532740036,0.186998113405612,5129.66893499584,13028.8037520975
e0010GP,Encoding,7,"2020,11,12,10,39,39.188",11,-6.25948371420717,-0.0242630428758872,2896.76834950762,8262.09581642547
e0010GP,Encoding,8,"2020,11,12,10,39,58.914",8,-6.23611535211571,0.0227829229571674,3496.26614227077,9245.19976564056
e0010GP,Encoding,9,"2020,11,12,10,40,20.118",10,-0.614104832631442,0.040522962669878,10362.3645439227,13611.7981458858
e0010GP,Encoding,10,"2020,11,12,10,40,52.604",30,-0.225448472180006,-6.22372432721048,2679.67852402796,8445.98325115703
e0010GP,Encoding,11,"2020,11,12,10,41,12.266",22,-0.754649945999102,0.049161848530944,4696.17253924025,8478.51910152815
e0010GP,Encoding,12,"2020,11,12,10,41,33.957",13,-0.188922393832338,-0.03295716221497,4246.50410862171,9411.93808124342
e0010GP,Encoding,13,"2020,11,12,10,41,55.966",16,-0.128465800108085,-0.0525570750700135,3662.81648938195,8211.98828437264
e0010GP,Encoding,14,"2020,11,12,10,42,16.266",6,0.528774011484296,-0.00431099351085917,3596.17124897295,9395.25111241574
e0010GP,Encoding,15,"2020,11,12,10,42,37.716",23,-0.110689519137988,-0.0055821834464701,3829.57064008406,8845.32685697332
e0010GP,Encoding,16,"2020,11,12,10,42,58.849",4,-0.752721181608039,0.0232022058184125,3012.83346812715,8195.30219527258
e0010GP,Encoding,17,"2020,11,12,10,43,18.517",12,-0.186784959246515,-0.0409664782305383,3629.57568385639,8445.49294956869
e0010GP,Encoding,18,"2020,11,12,10,43,39.047",28,-6.0775005438263,0.0412881111014185,7229.45263927124,11512.2434640627
e0010GP,Encoding,19,"2020,11,12,10,44,6.166",27,-0.101379336004018,0.0360606048623557,4646.61014513752,8962.00045393948
e0010GP,Encoding,20,"2020,11,12,10,44,28.215",5,0.157632142886928,-0.0518212899967558,3579.44791806563,8328.60030039774
e0010GP,Encoding,21,"2020,11,12,10,44,48.646",17,-0.59265425778161,0.0196433415837891,14845.9288839832,7428.62358385833
e0010GP,Encoding,22,"2020,11,12,10,45,19.332",7,-1.62754966943149,2.11153004307446,4579.68163239923,12294.9747606114
e0010GP,Encoding,23,"2020,11,12,10,45,44.64",15,-0.31786256794026,-0.0154535397318726,2813.29978247265,10645.1409998282
e0010GP,Encoding,24,"2020,11,12,10,46,6.496",9,-3.6117743518869,-0.00904458241838779,4812.97311024218,15628.3994878811
e0010GP,Encoding,25,"2020,11,12,10,46,35.429",2,-0.646536295430349,0.00267932927347392,3663.07073069606,9328.61701522461
e0010GP,Encoding,26,"2020,11,12,10,46,56.862",14,-0.0587566555662704,-0.0152426743089293,4280.04607427351,8978.62261615774
e0010GP,Encoding,27,"2020,11,12,10,47,18.511",25,-0.794568632042401,0.0990152600311305,6146.14858132177,12145.1858659423
e0010GP,Encoding,28,"2020,11,12,10,47,45.262",18,-5.09930543025488,0.319465092318971,2429.32560658687,10245.2490303933
e0010GP,Encoding,29,"2020,11,12,10,48,6.327",21,-0.0415043172336222,0.101224768730436,3362.93695343238,7678.67915332658
e0010GP,Encoding,30,"2020,11,12,10,48,25.704",26,0.345517467252693,0.045911049850428,3096.16215845313,8395.22999895007
e0010GP,SameDayRecall,1,"2020,11,12,10,51,10.364",1,-5.91726917645969,-3.59001217197781,7147.08842378013,5726.59176469278
e0010GP,SameDayRecall,2,"2020,11,12,10,51,31.976",2,-5.92011348546238,0.087350604248801,3329.76623288255,7748.59199576804
e0010GP,SameDayRecall,3,"2020,11,12,10,51,51.513",3,-2.42908827408044,-0.269894827465102,6278.58279381576,5481.8544425957
e0010GP,SameDayRecall,4,"2020,11,12,10,52,11.708",4,-2.55739424777452,-2.82065786256632,9296.91925213751,3795.61754833958
e0010GP,SameDayRecall,5,"2020,11,12,10,52,33.214",5,-4.24258170933013,5.57079637610046,3532.87513203259,5295.58441192853
e0010GP,SameDayRecall,6,"2020,11,12,10,52,50.472",6,1.20130792827793,-4.19714367834479,6846.32358849171,5145.98729790441
e0010GP,SameDayRecall,7,"2020,11,12,10,53,10.81",7,-2.1457832079361,0.0174929104245249,3063.09993765672,7995.55796144796
e0010GP,SameDayRecall,8,"2020,11,12,10,53,30.308",8,-0.364729632324708,0.868905927038252,3229.97461105774,4628.74873979013
e0010GP,SameDayRecall,9,"2020,11,12,10,53,46.555",9,-0.44018049639191,-0.359676235345268,4329.93250142363,3512.37571646493
e0010GP,SameDayRecall,10,"2020,11,12,10,54,2.805",10,-1.68774625189466,-4.26973070226218,4929.71239354552,5628.97453657411
e0010GP,SameDayRecall,11,"2020,11,12,10,54,21.941",11,-3.05971150838404,-4.47970536667896,4630.31582812005,4428.69132289343
e0010GP,SameDayRecall,12,"2020,11,12,10,54,39.337",12,-1.2042394705972,1.93009703759151,3046.44698496782,6095.29914554969
e0010GP,SameDayRecall,13,"2020,11,12,10,54,56.854",13,-3.95738315514835,0.159109759642831,4329.38208510723,6678.67944656905
e0010GP,SameDayRecall,14,"2020,11,12,10,55,16.22",14,-3.0438442837942,1.85278518335942,2046.37836620486,7078.73181969353
e0010GP,SameDayRecall,15,"2020,11,12,10,55,33.686",15,-0.11223124268314,-5.59943747777192,9529.35710083966,4428.74909168108
e0010GP,NextDayRecall,1,"2020,11,13,10,26,29.358",1,-1.34549919451733,2.26491833173029,4414.88408346203,4007.98240299625
e0010GP,NextDayRecall,2,"2020,11,13,10,26,46.536",2,-4.80124729341238,-0.575652481694904,4713.34812848558,5869.52182998516
e0010GP,NextDayRecall,3,"2020,11,13,10,27,5.548",3,-3.32649602550244,-2.4845879034923,5077.72264133349,4582.18787223697
e0010GP,NextDayRecall,4,"2020,11,13,10,27,23.638",4,-5.50962741962915,1.18230952312128,6847.14787664737,5695.55611728129
e0010GP,NextDayRecall,5,"2020,11,13,10,27,44.652",5,-4.19055077247825,5.40305491456493,4566.64445829861,4328.95675995547
e0010GP,NextDayRecall,6,"2020,11,13,10,28,2.056",6,-5.00262905993781,1.38163271605738,4646.22011034194,6295.54245209707
e0010GP,NextDayRecall,7,"2020,11,13,10,28,21.343",7,-3.04528607530637,-2.83905173733763,5080.39908202804,5646.01806502162
e0010GP,NextDayRecall,8,"2020,11,13,10,28,40.46",8,-1.41886294368722,1.18907052714766,7046.13172651099,6028.75055056617
e0010GP,NextDayRecall,9,"2020,11,13,10,29,1.878",9,-5.86320735478703,-2.67973768982519,4413.31141429964,8045.40624012131
e0010GP,NextDayRecall,10,"2020,11,13,10,29,22.726",10,-3.23704475159253,0.0483279817357216,5512.84322045578,11945.2600871639
e0010GP,NextDayRecall,11,"2020,11,13,10,29,48.527",11,1.35601782090598,-4.46726530463668,3279.69347760171,3578.64254869173
e0010GP,NextDayRecall,12,"2020,11,13,10,30,3.74",12,1.33744138971961,-3.86567696345856,3512.82093388926,4895.32791456975
e0010GP,NextDayRecall,13,"2020,11,13,10,30,20.474",13,-1.15359673953746,-0.978629109069251,2963.09109985964,8362.04468691187
e0010GP,NextDayRecall,14,"2020,11,13,10,30,40.174",14,-2.69752406203184,3.43180343446204,4146.2459158401,3928.68005463726
e0010GP,NextDayRecall,15,"2020,11,13,10,30,56.673",15,0.62361495257994,-5.54608305843221,2946.78085208579,9562.31324003869
e0010GP,NextDayRecall,16,"2020,11,13,10,31,17.542",16,-2.23715131367294,4.343251520201,3429.70611643091,5312.17468210855
e0010GP,NextDayRecall,17,"2020,11,13,10,31,34.622",17,-0.877794631592611,-2.12207507414929,3362.99479843268,4612.08559449119
e0010GP,NextDayRecall,18,"2020,11,13,10,31,50.99",18,-1.20779981662015,-2.20454521128553,5646.06439762048,10878.7203170792
e0010GP,NextDayRecall,19,"2020,11,13,10,32,15.893",19,-4.47660081233394,1.81383198669708,4112.91576909474,2562.14051914793
e0010GP,NextDayRecall,20,"2020,11,13,10,32,30.923",20,-0.0615381254329472,5.48869046954237,3896.38418052584,3678.75028664633
e0010GP,NextDayRecall,21,"2020,11,13,10,32,46.857",21,-5.81026721989354,-4.10710131310082,10396.2481151723,5828.80779185285
e0010GP,NextDayRecall,22,"2020,11,13,10,33,11.481",22,-0.607537809046677,1.53510286919578,3663.07608575164,4328.74005242036
e0010GP,NextDayRecall,23,"2020,11,13,10,33,27.89",23,-0.704214720230145,-3.87785947209076,3162.64472339145,3762.09324816739
e0010GP,NextDayRecall,24,"2020,11,13,10,33,43.206",24,-4.88200648123792,3.48070222484854,5263.0301636948,5428.77594552226
e0010GP,NextDayRecall,25,"2020,11,13,10,34,2.291",25,-5.35141130203778,1.63685549155697,5312.98667556575,4745.41028689259
e0010GP,NextDayRecall,26,"2020,11,13,10,34,20.739",26,-3.24093031526253,4.04567683604852,4912.82580174459,3745.45691273579
e0010GP,NextDayRecall,27,"2020,11,13,10,34,37.806",27,-2.14248659218507,0.488859020821843,4679.62943304735,7862.03119767424
e0010GP,NextDayRecall,28,"2020,11,13,10,34,58.772",28,-4.29846506761004,-0.403614066574498,4879.72995719224,3078.79855465751
e0010GP,NextDayRecall,29,"2020,11,13,10,35,15.088",29,-1.26337785181134,-1.80449607757205,4679.69394679255,7511.99838363743
e0010GP,NextDayRecall,30,"2020,11,13,10,35,35.622",30,-0.41150613370352,-5.28091538016726,3012.89160576471,4295.41283811796
e0011XQ,Encoding,1,"2021,1,17,10,42,39.998",3,-0.50174583024473,-0.0489725188719643,1863.77084355411,11237.6555926252
e0011XQ,Encoding,2,"2021,1,17,10,43,1.989",17,0.0598091129635623,-0.0596736757939476,7363.04403351562,8098.80247159401
e0011XQ,Encoding,3,"2021,1,17,10,43,26.093",24,0.110562576636113,-0.11685179439034,2945.0357422802,8997.49010808171
e0011XQ,Encoding,4,"2021,1,17,10,43,46.434",23,-0.0920801799101723,-0.174571473759554,6247.28051055286,7645.79234610528
e0011XQ,Encoding,5,"2021,1,17,10,44,8.747",1,-0.192128704841176,0.0242015512879492,5383.49764391558,7746.91468625463
e0011XQ,Encoding,6,"2021,1,17,10,44,30.366",9,-0.0225742748416184,-0.0941883427424672,4746.17658624788,8145.43825164424
e0011XQ,Encoding,7,"2021,1,17,10,44,51.696",6,0.222396708716522,0.0487337729803459,2129.528780182,7878.51554218094
e0011XQ,Encoding,8,"2021,1,17,10,45,10.087",2,-0.682890898893762,0.0453634020882842,3480.03332446751,7812.46922750517
e0011XQ,Encoding,9,"2021,1,17,10,45,29.713",30,-6.17932869387028,0.0167572921753407,3346.62753983958,9112.0105615455
e0011XQ,Encoding,10,"2021,1,17,10,45,50.583",26,0.416732276404122,-0.0589024975687806,3779.4136664919,7661.96456592127
e0011XQ,Encoding,11,"2021,1,17,10,46,10.816",29,-0.289118316922247,0.095861383214257,7996.94613688075,8128.74288108844
e0011XQ,Encoding,12,"2021,1,17,10,46,35.267",11,-0.374592883538086,0.10369401136661,2263.08705269366,8428.53406066149
e0011XQ,Encoding,13,"2021,1,17,10,46,54.355",16,-6.14359064384245,-0.176823816420093,3346.21201035623,7795.38941153464
e0011XQ,Encoding,14,"2021,1,17,10,47,13.85",19,-5.76466358939137,-0.0759805234014168,3896.43462800427,8262.05834596976
e0011XQ,Encoding,15,"2021,1,17,10,47,34.365",14,-0.107780671746569,-0.0493539273189785,3296.46928967338,8545.38728550153
e0011XQ,Encoding,16,"2021,1,17,10,47,54.513",4,0.243419142781757,0.0803780983096436,2496.31639124527,7761.88019906715
e0011XQ,Encoding,17,"2021,1,17,10,48,13.165",8,-0.298016887216712,0.216347263442386,2196.8680161649,7945.38147923208
e0011XQ,Encoding,18,"2021,1,17,10,48,31.735",25,-0.372502679658013,-0.273082700826338,3613.05407718874,7362.40475738737
e0011XQ,Encoding,19,"2021,1,17,10,48,51.098",18,-0.121431420283646,-0.0566430533228965,3279.73755662219,7078.76673664509
e0011XQ,Encoding,20,"2021,1,17,10,49,9.832",5,-6.2422351509362,-0.148104541044927,3279.41733206603,8295.39161087905
e0011XQ,Encoding,21,"2021,1,17,10,49,29.78",13,0.275718744287586,0.0288685741280745,2313.61156702701,7212.0390943744
e0011XQ,Encoding,22,"2021,1,17,10,49,47.615",7,0.0531025296539537,-0.0421228690416195,2712.7098944402,7662.08626298226
e0011XQ,Encoding,23,"2021,1,17,10,50,6.348",12,-5.45696632090731,0.0261727383015957,3229.63912862565,7162.04652815873
e0011XQ,Encoding,24,"2021,1,17,10,50,25.096",22,-0.293423450609072,0.139151111438435,5576.96195456628,7845.31951636723
e0011XQ,Encoding,25,"2021,1,17,10,50,46.897",10,-6.10787006001879,-0.0106231936118268,4996.26873878151,7978.70975896058
e0011XQ,Encoding,26,"2021,1,17,10,51,8.264",27,-6.0743596249607,-0.178472632806165,3129.53141939533,8245.36825384075
e0011XQ,Encoding,27,"2021,1,17,10,51,27.996",20,-0.0155867870381545,0.0628606238954641,6396.07437537893,11395.318973862
e0011XQ,Encoding,28,"2021,1,17,10,51,54.164",15,-0.899270019048411,0.0462678430838363,4279.85778745347,8028.68121146912
e0011XQ,Encoding,29,"2021,1,17,10,52,14.831",28,-0.241757911316353,0.0707522922439074,4446.7068042145,7078.75793926701
e0011XQ,Encoding,30,"2021,1,17,10,52,34.713",21,0.526012915246865,0.0310271799715063,2929.86378433284,9262.03195383596
e0011XQ,SameDayRecall,1,"2021,1,17,10,54,5.823",1,-5.67948833139101,-0.364539568344172,5313.72124100517,11593.5887055743
e0011XQ,SameDayRecall,2,"2021,1,17,10,54,31.415",2,-1.7781049954217,-0.491034290445314,3346.80143467654,4232.07336309383
e0011XQ,SameDayRecall,3,"2021,1,17,10,54,47.434",3,-4.76174618695114,-3.07207963119212,6228.20603576361,5115.31163098402
e0011XQ,SameDayRecall,4,"2021,1,17,10,55,7.178",4,5.0149462818273,0.231945641501239,7013.73827859379,4295.61828998339
e0011XQ,SameDayRecall,5,"2021,1,17,10,55,26.834",5,-0.0221968086813957,-0.454967332684983,6083.12671713838,3579.13520015654
e0011XQ,SameDayRecall,6,"2021,1,17,10,55,44.888",6,-4.37319143461513,1.60658739668838,6813.202635577,10745.7848096849
e0011XQ,SameDayRecall,7,"2021,1,17,10,56,10.814",7,-0.145819112352893,-1.90976272519734,8712.79669523574,3578.99150965068
e0011XQ,SameDayRecall,8,"2021,1,17,10,56,31.429",8,-6.05145416067546,-0.992473047035229,2379.96754940536,4478.8685516321
e0011XQ,SameDayRecall,9,"2021,1,17,10,56,46.679",9,-3.81874344046135,1.16429183521008,3579.87417990125,4195.47421825769
e0011XQ,SameDayRecall,10,"2021,1,17,10,57,2.777",10,-2.25357281501781,0.185377319870153,5229.84469402286,8745.41707928802
e0011XQ,SameDayRecall,11,"2021,1,17,10,57,25.128",11,2.67541659690248,-4.70350142451097,2697.00012345652,3629.07586184247
e0011XQ,SameDayRecall,12,"2021,1,17,10,57,39.811",12,-4.90603459628757,-0.898321574465613,3863.25619694639,4045.43552445716
e0011XQ,SameDayRecall,13,"2021,1,17,10,57,56.043",13,-3.37055166059776,-1.71668055444254,8629.46881138919,3695.5341870505
e0011XQ,SameDayRecall,14,"2021,1,17,10,58,16.711",14,-0.55075781236594,1.65023404521901,3646.53777726039,12945.2424806611
e0011XQ,SameDayRecall,15,"2021,1,17,10,58,41.619",15,-1.29955308253268,-1.90021755802353,3529.86724463494,3128.74610679364
e0011XQ,NextDayRecall,1,"2021,1,18,13,55,56.957",1,-1.77962609859884,5.24414632985535,6080.42826808657,9893.51712424269
e0011XQ,NextDayRecall,2,"2021,1,18,13,56,21.75",2,-3.78410378553606,-2.48589811821595,1079.96112731945,6615.53552425187
e0011XQ,NextDayRecall,3,"2021,1,18,13,56,37.992",3,-5.85867520321723,-1.46060193572631,6428.2390552554,6565.57844079379
e0011XQ,NextDayRecall,4,"2021,1,18,13,56,59.402",4,-1.15558945083754,-3.61134011947849,7947.04183769017,8162.25443952345
e0011XQ,NextDayRecall,5,"2021,1,18,13,57,23.944",5,-1.52054486188836,-0.492946624043901,2349.76585778685,7195.83139180088
e0011XQ,NextDayRecall,6,"2021,1,18,13,57,41.963",6,-3.96170853669262,-0.16207874610205,4646.40552334572,6878.83400726139
e0011XQ,NextDayRecall,7,"2021,1,18,13,58,1.836",7,-0.214576891867855,-0.515082052137266,3146.29130405586,8778.72072635842
e0011XQ,NextDayRecall,8,"2021,1,18,13,58,22.164",8,-4.64238367028486,1.45673785739022,7163.08139304715,5462.13681858075
e0011XQ,NextDayRecall,9,"2021,1,18,13,58,43.217",9,-3.69168584152141,-0.390043143377381,6080.4927821913,6895.42058357699
e0011XQ,NextDayRecall,10,"2021,1,18,13,59,4.585",10,-1.99130875895938,1.48329889853103,10596.2853951503,4528.76112098539
e0011XQ,NextDayRecall,11,"2021,1,18,13,59,28.099",11,-3.15505829819493,-2.78921557291585,4796.11812767166,8045.45517193446
e0011XQ,NextDayRecall,12,"2021,1,18,13,59,49.306",12,-3.97270829970845,-0.670943166261024,5679.72119349923,5628.71018416723
e0011XQ,NextDayRecall,13,"2021,1,18,14,0,8.966",13,2.25786926520938,2.82390936727572,7562.99259817956,4128.97395888172
e0011XQ,NextDayRecall,14,"2021,1,18,14,0,29.016",14,0.851850525170905,-2.16044044721038,9562.97295070215,5228.80631018324
e0011XQ,NextDayRecall,15,"2021,1,18,14,0,52.167",15,0.311564064428559,-3.54121685031011,3262.86125332729,3495.53166513545
e0011XQ,NextDayRecall,16,"2021,1,18,14,1,7.248",16,-3.94878241859728,-1.76841314733323,2646.40435036199,9096.06766004708
e0011XQ,NextDayRecall,17,"2021,1,18,14,1,27.402",17,2.18555623702531,-5.35779164109128,3829.87044101549,2345.52933383031
e0011XQ,NextDayRecall,18,"2021,1,18,14,1,41.913",18,-5.75198716285985,2.93348324886466,6930.40511632034,5512.09683449815
e0011XQ,NextDayRecall,19,"2021,1,18,14,2,2.707",19,-6.23242206080836,4.74543844077024,8129.39711275919,9195.38360526519
e0011XQ,NextDayRecall,20,"2021,1,18,14,2,28.449",20,-1.71422255770737,-3.99630280656981,3196.24310908717,7062.05846326816
e0011XQ,NextDayRecall,21,"2021,1,18,14,2,47.097",21,-5.30499665446748,-2.56404383042252,2962.93254141301,4178.61756244008
e0011XQ,NextDayRecall,22,"2021,1,18,14,3,2.604",22,-1.40319248414988,-3.29099478980358,2546.18755364561,3878.79060686362
e0011XQ,NextDayRecall,23,"2021,1,18,14,3,17.397",23,-3.73783858314879,1.63205290246749,2062.85140026398,2312.13478052155
e0011XQ,NextDayRecall,24,"2021,1,18,14,3,30.071",24,-3.13318741759079,-1.22101643854781,8163.03535343604,4545.49637298771
e0011XQ,NextDayRecall,25,"2021,1,18,14,3,51.143",25,-3.56018354772544,-0.355707458724311,2362.46575254097,6145.79689141715
e0011XQ,NextDayRecall,26,"2021,1,18,14,4,8.046",26,2.89636286152561,-0.857982901210907,5029.56622768727,3445.49980396516
e0011XQ,NextDayRecall,27,"2021,1,18,14,4,24.912",27,-3.68845126331032,-2.00518525707623,4396.44503823479,3645.4841446324
e0011XQ,NextDayRecall,28,"2021,1,18,14,4,41.295",28,-5.37345787052086,-0.753905777943739,6379.78456394478,5645.40614121495
e0011XQ,NextDayRecall,29,"2021,1,18,14,5,1.8",29,-0.000677473107825399,1.28567739732046,3479.61691524642,2712.1468622538
e0011XQ,NextDayRecall,30,"2021,1,18,14,5,16.345",30,-5.95787844500193,-4.2581228459569,7413.02897533706,4728.85836133594
e0017MC,Encoding,1,"2023,3,1,11,30,50.729",13,0.269451050835959,0.0136754778546824,2248.65539015462,7888.39027159639
e0017MC,Encoding,2,"2023,3,1,11,31,7.942",9,-0.133463350536104,-0.288010139029681,2613.20220509856,8180.35234774851
e0017MC,Encoding,3,"2023,3,1,11,31,25.541",10,0.416795647012548,0.193856152182575,1927.82258099987,7346.95054128957
e0017MC,Encoding,4,"2023,3,1,11,31,41.54",12,-0.661278333018384,0.186540025549973,1629.85510382839,6895.32438520075
e0017MC,Encoding,5,"2023,3,1,11,31,56.741",3,-5.61052578104948,0.0451987677005645,2181.95582119807,7212.69776196982
e0017MC,Encoding,6,"2023,3,1,11,32,12.873",4,-6.07861057447295,0.117252807765957,2946.01297265154,7278.32903286912
e0017MC,Encoding,7,"2023,3,1,11,32,29.772",29,-6.21582593630767,-0.0986966706192818,3045.50515718466,6778.41040885346
e0017MC,Encoding,8,"2023,3,1,11,32,46.255",5,0.195176319922781,0.0401016824732485,3279.40847430443,6695.28813989746
e0017MC,Encoding,9,"2023,3,1,11,33,2.888",8,-6.19204776698271,0.187735065602123,3629.27916713221,7228.69378788931
e0017MC,Encoding,10,"2023,3,1,11,33,20.404",1,-0.256800382725978,-0.0955106517258166,4345.67638398556,6761.68009297095
e0017MC,Encoding,11,"2023,3,1,11,33,38.221",14,-4.35273915350231,1.01942385254209,1295.78542780456,16228.315206283
e0017MC,Encoding,12,"2023,3,1,11,34,2.421",21,-6.22182871780831,0.0301566628466917,2228.73337620604,7278.42433807598
e0017MC,Encoding,13,"2023,3,1,11,34,18.554",28,0.357259016099983,-0.0556472341472016,1795.63103336943,6695.03653415137
e0017MC,Encoding,14,"2023,3,1,11,34,33.704",20,-6.13748322961274,0.140917093121597,2245.59653288452,6728.39306330582
e0017MC,Encoding,15,"2023,3,1,11,34,49.37",11,-5.70148397918065,-0.087580752980335,2378.84670142819,7363.08556618769
e0017MC,Encoding,16,"2023,3,1,11,35,5.887",2,-0.241359891775942,0.0616979691477394,2945.63087208371,7211.86963303399
e0017MC,Encoding,17,"2023,3,1,11,35,22.737",23,-1.07064048545036,-2.50546927192652,2095.7966884813,13630.1533358142
e0017MC,Encoding,18,"2023,3,1,11,35,45.269",30,0.0472135359644064,0.0582083834500813,2362.19790815335,6595.13087164385
e0017MC,Encoding,19,"2023,3,1,11,36,0.903",22,-0.307235285719173,-0.0196172852603373,2978.76042822247,6795.04717900988
e0017MC,Encoding,20,"2023,3,1,11,36,17.351",16,-0.141526072723451,-0.0797772456150576,2395.48787028639,7462.1226317023
e0017MC,Encoding,21,"2023,3,1,11,36,33.951",19,0.181445482752187,0.00810601821336476,1712.17534281288,6878.54333762357
e0017MC,Encoding,22,"2023,3,1,11,36,49.251",6,-0.358746806366675,-0.104997840150403,2345.84939959189,6945.15493254301
e0017MC,Encoding,23,"2023,3,1,11,37,5.25",17,-5.9169842007567,-0.0555203709775611,2828.35942789893,7678.48891101926
e0017MC,Encoding,24,"2023,3,1,11,37,22.417",15,-0.443881394076335,-0.244622696233807,1179.03566965992,6595.14553398344
e0017MC,Encoding,25,"2023,3,1,11,37,36.833",25,-0.471740759440644,-0.167037584169552,3129.10131295382,6228.33544031152
e0017MC,Encoding,26,"2023,3,1,11,37,52.849",7,0.0344029750776873,-0.012783824968607,2145.59849763805,6378.45404397581
e0017MC,Encoding,27,"2023,3,1,11,38,8.083",26,-5.88490036657193,0.0233885728936093,1628.81613045022,7278.58884952548
e0017MC,Encoding,28,"2023,3,1,11,38,23.699",27,-6.14248273189079,-0.0916207961196944,2712.08560929495,6328.38362075916
e0017MC,Encoding,29,"2023,3,1,11,38,39.398",18,-0.228321161997921,-0.0678333521407728,3812.34844639323,6495.19265874255
e0017MC,Encoding,30,"2023,3,1,11,38,56.365",24,-0.225924604667056,-0.108203570822061,3112.67890620116,6328.50531817724
e0017MC,SameDayRecall,1,"2023,3,1,11,39,45.085",6,-0.0876386097380495,-0.494906323025345,3432.5299251019,4138.37700217914
e0017MC,SameDayRecall,2,"2023,3,1,11,39,59.749",9,-0.0756868372305117,-0.835583855311206,1946.61383532491,1980.88852017986
e0017MC,SameDayRecall,3,"2023,3,1,11,40,10.415",8,-1.98891066770054,5.91603235117679,2145.0905941972,1864.45722804956
e0017MC,SameDayRecall,4,"2023,3,1,11,40,21.132",21,-0.388074433710777,-5.76566385367852,2713.45037985725,1745.55327898292
e0017MC,SameDayRecall,5,"2023,3,1,11,40,32.266",14,-0.378820695342005,1.7069701675746,1631.99991085298,1561.96436640948
e0017MC,SameDayRecall,6,"2023,3,1,11,40,42.164",28,4.96462325477854,1.73172142099345,3495.59587307931,4228.43221175231
e0017MC,SameDayRecall,7,"2023,3,1,11,40,56.614",15,-3.08866644832271,-1.39515365261258,4546.23255584806,2245.06253047934
e0017MC,SameDayRecall,8,"2023,3,1,11,41,10.08",30,0.860523793273845,-1.51235737049201,4229.11195781239,3111.68304010118
e0017MC,SameDayRecall,9,"2023,3,1,11,41,24.08",22,0.780017386443285,0.248966535083888,1928.89146555069,2245.20827413414
e0017MC,SameDayRecall,10,"2023,3,1,11,41,34.93",29,-2.83867525198729,-0.190473172682688,4528.80020714952,2995.17667679254
e0017MC,SameDayRecall,11,"2023,3,1,11,41,49.129",2,-0.199545047822812,-4.13546342165535,1695.89105529849,2712.31346205116
e0017MC,SameDayRecall,12,"2023,3,1,11,42,0.146",17,-0.469896293652873,-1.07140321192353,2279.16801193635,2978.99649188866
e0017MC,SameDayRecall,13,"2023,3,1,11,42,12.046",18,6.10157233038346,-2.48941193288891,4678.70884611205,1345.03036130639
e0017MC,SameDayRecall,14,"2023,3,1,11,42,24.712",24,-1.31852542563075,-4.51486505681,2262.15236692678,3578.43076018071
e0017MC,SameDayRecall,15,"2023,3,1,11,42,37.18",3,-0.16311782984573,3.59318905859467,2462.25166029001,2695.22655807157
e0017MC,SameDayRecall,16,"2023,3,1,11,42,48.979",1,-3.36272248376275,-2.93401907935935,2279.21639765668,1395.52071392689
e0017MC,SameDayRecall,17,"2023,3,1,11,42,59.312",11,0.280388708635836,0.214992002220921,1645.59160633849,1995.23620589082
e0017MC,SameDayRecall,18,"2023,3,1,11,43,9.562",26,-1.18153453198492,-5.25853866538859,6628.89823955163,3095.19435957395
e0017MC,SameDayRecall,19,"2023,3,1,11,43,25.929",23,-2.68080737114889,2.89622202547864,1678.7710144315,3611.94241688713
e0017MC,SameDayRecall,20,"2023,3,1,11,43,37.879",16,-4.50521873493375,-3.7241390024406,2928.89087905701,1411.84576274509
e0017MC,SameDayRecall,21,"2023,3,1,11,43,48.845",5,-4.97536689789987,-2.12495266544167,2495.50144761292,2145.08766172935
e0017MC,SameDayRecall,22,"2023,3,1,11,44,0.112",13,-1.93893476802728,-0.0858747884600526,1445.55770700958,1944.8983416014
e0017MC,SameDayRecall,23,"2023,3,1,11,44,10.145",4,-0.214298520528867,0.0753142891194836,1712.46770986272,1244.99567021121
e0017MC,SameDayRecall,24,"2023,3,1,11,44,19.778",27,-0.626706825653881,-0.583753770688402,2445.43043790259,1711.87711082689
e0017MC,SameDayRecall,25,"2023,3,1,11,44,30.578",7,2.09755783259849,-3.59639294448545,1712.36683296684,1795.24863955476
e0017MC,SameDayRecall,26,"2023,3,1,11,44,40.711",10,-5.74265462648107,5.89734140841763,2178.71016572258,1428.28459131806
e0017MC,SameDayRecall,27,"2023,3,1,11,44,50.928",25,0.837867887112484,-1.57814490076335,1745.44712364491,1828.39579050096
e0017MC,SameDayRecall,28,"2023,3,1,11,45,1.128",19,-4.30421711709768,3.49055918674505,1429.06990622259,2111.7654424495
e0017MC,SameDayRecall,29,"2023,3,1,11,45,11.328",12,-1.29165342177984,1.52510494706595,1795.75155780026,1128.40925052865
e0017MC,SameDayRecall,30,"2023,3,1,11,45,20.877",20,-2.15668002807821,-2.24777879341494,2445.48146284387,1428.53590381742
e0017MC,NextDayRecall,1,"2023,3,2,11,12,32.516",12,-5.79016425247861,-1.93080198054639,3599.20729527635,4273.11305220936
e0017MC,NextDayRecall,2,"2023,3,2,11,12,47.837",5,-1.29610083555425,-5.09618055985558,1913.50656594226,1897.82314110126
e0017MC,NextDayRecall,3,"2023,3,2,11,12,58.337",26,-0.0171741609507841,-0.583231898508276,2761.70443245456,3497.69493360453
e0017MC,NextDayRecall,4,"2023,3,2,11,13,11.303",8,-5.29666898050982,2.89805328330641,2246.43023350949,1845.24281860604
e0017MC,NextDayRecall,5,"2023,3,2,11,13,22.039",21,1.75133336891476,-5.74857958918894,3282.389621175,1928.83545541373
e0017MC,NextDayRecall,6,"2023,3,2,11,13,33.92",17,-2.06700864270266,5.06089757750605,3079.81033970587,2045.53213588939
e0017MC,NextDayRecall,7,"2023,3,2,11,13,45.669",4,-3.7675840827171,0.0888978418207627,1695.72155865362,1628.67331926336
e0017MC,NextDayRecall,8,"2023,3,2,11,13,55.602",23,3.0648627690209,-0.84731450155244,2445.99024602526,1661.97823698269
e0017MC,NextDayRecall,9,"2023,3,2,11,14,6.319",14,-4.65604014943775,-0.715563820448363,1679.23463760708,1495.26245147865
e0017MC,NextDayRecall,10,"2023,3,2,11,14,16.102",27,-3.29184575453377,-3.53293374295047,2179.59078583395,2811.7645920336
e0017MC,NextDayRecall,11,"2023,3,2,11,14,27.702",28,-2.54703937832086,1.87983864052254,1495.69528374118,2728.54995033865
e0017MC,NextDayRecall,12,"2023,3,2,11,14,38.569",9,-1.97767387876013,-4.11615956928191,1795.25186526951,1612.24270160056
e0017MC,NextDayRecall,13,"2023,3,2,11,14,48.635",3,-4.24691015341333,1.34506303716211,2762.35895929059,2428.57842460199
e0017MC,NextDayRecall,14,"2023,3,2,11,15,0.485",11,0.11618795846409,-1.27354239138997,2179.06382135172,1845.23314146196
e0017MC,NextDayRecall,15,"2023,3,2,11,15,11.118",18,1.31753313668516,-4.0784556061701,2679.05341109065,2178.53802985664
e0017MC,NextDayRecall,16,"2023,3,2,11,15,22.618",25,-0.372467353440601,1.6129241809903,1495.67006451724,1095.17940398763
e0017MC,NextDayRecall,17,"2023,3,2,11,15,31.835",29,-5.05943757525552,-1.50346833136069,3179.09402577112,1978.48594922667
e0017MC,NextDayRecall,18,"2023,3,2,11,15,43.635",6,-0.990338350530837,-4.24763310693686,2245.77629316704,1878.71840595736
e0017MC,NextDayRecall,19,"2023,3,2,11,15,54.401",16,-2.33277506585236,-3.61059299063406,3262.25177758872,2178.57644518617
e0017MC,NextDayRecall,20,"2023,3,2,11,16,6.484",7,-3.4583960736959,-1.98011074804349,3362.45948429036,2145.25803811446
e0017MC,NextDayRecall,21,"2023,3,2,11,16,18.618",20,-1.35786055073945,0.842510048584038,3729.34025043864,1211.92945537914
e0017MC,NextDayRecall,22,"2023,3,2,11,16,30.168",10,-0.157152267624733,1.36412243301277,2195.94750530558,2095.25124945125
e0017MC,NextDayRecall,23,"2023,3,2,11,16,41.034",1,-1.17086566030682,0.878432006518562,1662.15594453763,3561.85029340807
e0017MC,NextDayRecall,24,"2023,3,2,11,16,52.901",19,-1.6707832241167,-0.239137756110678,2628.99002579695,3145.01728249957
e0017MC,NextDayRecall,25,"2023,3,2,11,17,5.284",13,0.0928998961571563,-1.10287886763408,1595.70358262533,2011.93837008151
e0017MC,NextDayRecall,26,"2023,3,2,11,17,15.518",2,-5.72461254750012,-3.41069929442497,1579.09877636911,1461.92732933991
e0017MC,NextDayRecall,27,"2023,3,2,11,17,25.184",22,-0.455240467982597,2.65953158093807,2695.52596304447,2311.84978022617
e0017MC,NextDayRecall,28,"2023,3,2,11,17,36.901",15,-1.51111052370852,-4.29302662070001,1696.01421895038,1645.24792110018
e0017MC,NextDayRecall,29,"2023,3,2,11,17,46.867",30,0.547741173091275,-3.22990214171775,1745.6474112027,2511.90391358369
e0017MC,NextDayRecall,30,"2023,3,2,11,17,57.767",24,-2.95526095970805,-2.94913057347298,3279.12930335998,2261.824810262
e0019VQ,Encoding,1,"2023,5,10,10,55,47.178",14,-5.99290527464829,-0.0345928109881646,2498.12161870105,9302.04212934632
e0019VQ,Encoding,2,"2023,5,10,10,56,6.053",15,-5.74912447570191,0.122266627723936,3212.22849538594,7161.55545396242
e0019VQ,Encoding,3,"2023,5,10,10,56,23.147",19,-0.399320760868544,-6.18807882893224,4909.54709178601,7760.94016715552
e0019VQ,Encoding,4,"2023,5,10,10,56,42.54",27,0.21473462943603,-0.187239961700335,2679.32068019957,5032.51061473844
e0019VQ,Encoding,5,"2023,5,10,10,56,56.737",4,0.604041486524726,0.0702589248528396,6730.07758971318,8360.28675848951
e0019VQ,Encoding,6,"2023,5,10,10,57,18.495",10,-3.40732614184482,-0.383006820843002,6893.3139244196,28702.4644608968
e0019VQ,Encoding,7,"2023,5,10,10,58,0.797",20,0.352176724389476,-0.0539136974194501,3327.77262481022,7592.83332507357
e0019VQ,Encoding,8,"2023,5,10,10,58,18.341",26,0.0789870446082863,0.05677901910662,2727.8002484959,7342.75568844117
e0019VQ,Encoding,9,"2023,5,10,10,58,35.068",21,0.193323567064584,-0.0858262016014359,2244.89306378638,8359.05014402732
e0019VQ,Encoding,10,"2023,5,10,10,58,52.246",6,-0.297386367966636,-0.0127933227746375,7193.18017534294,6676.23574205811
e0019VQ,Encoding,11,"2023,5,10,10,59,12.73",30,-5.62070207060344,-0.279982548133487,5976.15976226035,11891.414282853
e0019VQ,Encoding,12,"2023,5,10,10,59,37.388",5,-5.84540686683088,0.0786129491582543,3877.66959315474,8292.21108835856
e0019VQ,Encoding,13,"2023,5,10,10,59,56.199",12,-0.0977544246381372,0.192333835963473,4527.99537376575,8658.7468992999
e0019VQ,Encoding,14,"2023,5,10,11,0,16.075",13,-0.542071441424908,0.0238591896241873,1944.75526792775,7159.43763806342
e0019VQ,Encoding,15,"2023,5,10,11,0,31.82",3,-0.00395974706611457,-0.03036401510525,2294.69956602657,7325.84893714795
e0019VQ,Encoding,16,"2023,5,10,11,0,50.666",1,-0.0539395478940996,-0.128778238257995,3594.18694431895,7076.27392256632
e0019VQ,Encoding,17,"2023,5,10,11,1,8.241",7,-0.440329095661182,0.0291264374747044,4277.44414634458,7826.11183135361
e0019VQ,Encoding,18,"2023,5,10,11,1,27.002",9,-5.99516097752934,-0.109276406830008,1145.15337743535,6826.19511295366
e0019VQ,Encoding,19,"2023,5,10,11,1,41.63",24,-0.172458766404747,0.0267334391769474,1928.44615008812,6992.69409231408
e0019VQ,Encoding,20,"2023,5,10,11,1,57.241",18,-0.408678452332875,0.0798379257215425,1528.68068749558,6759.86366450184
e0019VQ,Encoding,21,"2023,5,10,11,2,12.486",8,0.366933298149875,-0.0069693877595346,2478.11585350291,7092.59066477773
e0019VQ,Encoding,22,"2023,5,10,11,2,28.797",23,0.27295827108509,-0.045339545731085,3127.7091079279,6859.38693599075
e0019VQ,Encoding,23,"2023,5,10,11,2,45.408",11,-6.23607666870456,-0.105193056732286,2028.327180563,6959.485554308
e0019VQ,Encoding,24,"2023,5,10,11,3,1.07",25,-1.11312356119637,2.73602497896572,2811.33374602689,11158.037686097
e0019VQ,Encoding,25,"2023,5,10,11,3,21.729",28,-0.030158426261444,0.0725433266906013,3460.93960998996,6259.71660209893
e0019VQ,Encoding,26,"2023,5,10,11,3,38.09",29,0.166862458417631,0.000535934503585356,1228.40242724806,7376.04486884175
e0019VQ,Encoding,27,"2023,5,10,11,3,53.369",2,-5.80872997048793,-0.00776328014825856,1511.22116924432,6509.58339552574
e0019VQ,Encoding,28,"2023,5,10,11,4,8.064",17,-0.116827444246412,-4.32982515954237,3544.28425769561,56958.7005372542
e0019VQ,Encoding,29,"2023,5,10,11,5,15.258",16,-0.153696731147087,-0.0499420107332345,2811.00032638176,7242.6512052225
e0019VQ,Encoding,30,"2023,5,10,11,5,31.935",22,-6.10522357597862,0.12076120791391,1578.60947293011,6626.01517777841
e0019VQ,SameDayRecall,1,"2023,5,10,11,7,7.753",17,-0.311308580791234,-1.29471585962604,3081.61303556449,6186.34375301485
e0019VQ,SameDayRecall,2,"2023,5,10,11,7,24.142",22,-6.0168788621221,1.36558460944725,1579.25783778091,4462.8295744692
e0019VQ,SameDayRecall,3,"2023,5,10,11,7,36.971",26,-1.81492618060683,0.856567654052068,5309.91546624352,4362.74708463088
e0019VQ,SameDayRecall,4,"2023,5,10,11,7,53.448",28,-4.55557638572898,-1.07438439218551,3478.45484480444,17122.8632331383
e0019VQ,SameDayRecall,5,"2023,5,10,11,8,20.773",13,-5.05356401245024,2.92472324087083,2133.01713694864,3510.6320398977
e0019VQ,SameDayRecall,6,"2023,5,10,11,8,33.235",29,-2.81472166803544,-2.44776780850005,21521.4208192857,4893.97401907331
e0019VQ,SameDayRecall,7,"2023,5,10,11,9,6.356",19,-4.92191571463077,-2.35037920778134,5293.87730684903,13173.9474041508
e0019VQ,SameDayRecall,8,"2023,5,10,11,9,31.548",4,-0.123390795395568,2.55346331876178,2328.76379314848,6393.1085062477
e0019VQ,SameDayRecall,9,"2023,5,10,11,9,47.009",3,-2.11577757582301,-0.751672176340566,1895.26224466795,5843.12620358764
e0019VQ,SameDayRecall,10,"2023,5,10,11,10,1.521",20,-5.9832453874057,-1.41925417323551,2894.46051264531,15506.4990438746
e0019VQ,SameDayRecall,11,"2023,5,10,11,10,26.579",5,-2.0592368817606,-2.26720386051721,2561.32179629026,10041.591828081
e0019VQ,SameDayRecall,12,"2023,5,10,11,10,45.939",2,-5.2722768757857,-3.26225680613931,3494.71557720744,3694.09114115433
e0019VQ,SameDayRecall,13,"2023,5,10,11,10,59.902",11,-3.90201024026589,-5.65502073553065,1628.44559292239,2794.92580459851
e0019VQ,SameDayRecall,14,"2023,5,10,11,11,11.031",21,-3.64736486983348,0.480020967258478,1811.70939296203,1861.11473594588
e0019VQ,SameDayRecall,15,"2023,5,10,11,11,21.411",9,-5.98271390019838,-2.12180265197226,4793.8378653871,2394.12137472118
e0019VQ,SameDayRecall,16,"2023,5,10,11,11,35.34",24,-4.03958294342153,0.312338090627615,1961.49926820704,1928.00335003176
e0019VQ,SameDayRecall,17,"2023,5,10,11,11,45.919",16,-1.11127326424211,2.67910684691287,4910.55174939743,5426.83814074417
e0019VQ,SameDayRecall,18,"2023,5,10,11,12,2.947",23,-1.1235598622746,-4.30073467822287,1828.20501466654,1328.13009055099
e0019VQ,SameDayRecall,19,"2023,5,10,11,12,12.91",14,-3.45456513726022,-3.69449980556819,4861.03702600235,4443.55897466266
e0019VQ,SameDayRecall,20,"2023,5,10,11,12,28.988",27,-3.23462730000342,-3.86609483168076,5860.33851624438,13773.8109865441
e0019VQ,SameDayRecall,21,"2023,5,10,11,12,55.196",8,-2.10527571972407,-2.21586884010217,2178.13640998224,1911.0880946314
e0019VQ,SameDayRecall,22,"2023,5,10,11,13,5.959",6,-3.46512619519244,3.77340792617152,4094.14105146539,15489.8172115502
e0019VQ,SameDayRecall,23,"2023,5,10,11,13,32.217",1,-5.09709238623969,-2.02042412625588,2361.38584101377,23087.1978879318
e0019VQ,SameDayRecall,24,"2023,5,10,11,14,4.306",7,-3.53136647555233,-2.98328611431629,1828.31556805809,2094.38209891346
e0019VQ,SameDayRecall,25,"2023,5,10,11,14,14.969",25,-5.09791542801875,-2.47001062920834,1711.2386466506,4893.59045452102
e0019VQ,SameDayRecall,26,"2023,5,10,11,14,28.298",15,-5.95085702105937,-0.694311552592137,3361.18291542493,1894.37429859436
e0019VQ,SameDayRecall,27,"2023,5,10,11,14,40.261",12,-4.1318481508606,-1.23500376133428,1678.22980853725,1628.07287843793
e0019VQ,SameDayRecall,28,"2023,5,10,11,14,50.24",18,-4.68038986823009,2.78402329089732,3860.93556320793,2444.07684545718
e0019VQ,SameDayRecall,29,"2023,5,10,11,15,3.186",10,-3.68288222868762,2.20340515434198,1644.66292505517,12590.750405338
e0019VQ,SameDayRecall,30,"2023,5,10,11,15,24.029",30,-2.2179343239565,-1.21660574484403,1795.05395269439,1161.35751353977
e0019VQ,NextDayRecall,1,"2023,5,11,13,54,22.188",9,-4.34919730706244,-2.61429748055955,2615.05489794279,4821.45925716963
e0019VQ,NextDayRecall,2,"2023,5,11,13,54,39.901",19,-2.28904567976717,-2.63691912438654,1363.13195974601,1997.24762517499
e0019VQ,NextDayRecall,3,"2023,5,11,13,54,49.964",24,-4.07227091635908,0.600709305966551,2427.84707751515,3213.39995413686
e0019VQ,NextDayRecall,4,"2023,5,11,13,55,2.327",25,-5.00921779755294,0.651479226742363,1179.16769545937,3061.04049504039
e0019VQ,NextDayRecall,5,"2023,5,11,13,55,13.225",8,-1.56704804095499,-5.14084665561659,2948.41041996442,1595.11674866707
e0019VQ,NextDayRecall,6,"2023,5,11,13,55,24.469",29,-2.09105814085239,-0.918995775489503,1228.8415217413,2944.32936302434
e0019VQ,NextDayRecall,7,"2023,5,11,13,55,35.231",28,-0.693792338593269,4.63073658187669,2145.19642267516,1994.72251334694
e0019VQ,NextDayRecall,8,"2023,5,11,13,55,46.078",3,0.988773855665018,1.2313749659976,945.265979814366,1828.10149477471
e0019VQ,NextDayRecall,9,"2023,5,11,13,55,55.474",5,-5.68393253183916,-0.673255010217164,1045.99597788482,2744.72441942369
e0019VQ,NextDayRecall,10,"2023,5,11,13,56,5.871",20,-3.88186083102572,-4.70482813238528,2061.49091563822,2177.85631465632
e0019VQ,NextDayRecall,11,"2023,5,11,13,56,16.767",27,-0.664723748271719,-2.47582887825651,1861.64639285239,111.959429303027
e0019VQ,NextDayRecall,12,"2023,5,11,13,56,25.431",18,-2.5741413702368,4.69627165727927,1011.82500690586,1577.96059171662
e0019VQ,NextDayRecall,13,"2023,5,11,13,56,34.661",21,-0.736799302555237,-2.32307193408891,1445.19912050686,728.683757235018
e0019VQ,NextDayRecall,14,"2023,5,11,13,56,43.475",12,-3.41800572446329,3.60811650827559,2044.78371307269,2794.17714080279
e0019VQ,NextDayRecall,15,"2023,5,11,13,56,54.921",1,-3.34248097960176,-1.36058408688962,1727.93510893669,1111.42308863023
e0019VQ,NextDayRecall,16,"2023,5,11,13,57,4.385",26,-4.38805564584528,3.63351521797742,1361.53437418807,4893.38315720207
e0019VQ,NextDayRecall,17,"2023,5,11,13,57,17.313",11,-2.20025425392849,0.233194387293729,1478.37981130425,3577.19874750231
e0019VQ,NextDayRecall,18,"2023,5,11,13,57,28.976",30,1.6869273867413,1.45578596452583,2694.81306665463,1411.35863391187
e0019VQ,NextDayRecall,19,"2023,5,11,13,57,39.739",2,-2.17318767014868,-0.9316640035972,1345.16381410063,1794.58885338047
e0019VQ,NextDayRecall,20,"2023,5,11,13,57,49.519",6,1.61776121228985,-1.20415267183085,2594.709434728,2077.86968651783
e0019VQ,NextDayRecall,21,"2023,5,11,13,58,0.799",22,-6.03504546624954,2.18845349299871,1628.56663614988,2077.78083401709
e0019VQ,NextDayRecall,22,"2023,5,11,13,58,11.145",10,-1.65590360697655,1.63041464810215,2011.8511054952,1578.02217265771
e0019VQ,NextDayRecall,23,"2023,5,11,13,58,21.359",13,-1.01549601391233,2.12225604698906,3261.07122686241,4993.39500420217
e0019VQ,NextDayRecall,24,"2023,5,11,13,58,36.253",23,-1.15622857622541,-4.61296143067027,1528.41285974267,1661.26640912148
e0019VQ,NextDayRecall,25,"2023,5,11,13,58,46.084",14,-2.13996120729338,-2.94382355615176,1345.16234788771,1944.54694901628
e0019VQ,NextDayRecall,26,"2023,5,11,13,58,55.964",4,-4.99874345587038,3.58214288515103,1261.80433330421,2111.12720687032
e0019VQ,NextDayRecall,27,"2023,5,11,13,59,5.96",15,-1.66310251800869,-1.22921724280936,1078.41980959171,1677.76922161107
e0019VQ,NextDayRecall,28,"2023,5,11,13,59,15.324",7,-2.75641607996235,-2.29569861012529,1678.24544755558,3693.93421865226
e0019VQ,NextDayRecall,29,"2023,5,11,13,59,27.37",16,1.89698445430906,1.5098940740443,4760.61640762595,5393.24679940387
e0019VQ,NextDayRecall,30,"2023,5,11,13,59,44.198",17,-3.72873579544731,0.207623568426979,995.368526743392,1094.79154264955
e0020JA,Encoding,1,"2023,7,14,11,54,35.132",8,0.341566168989896,0.119007305666757,3132.09829515114,7271.94153128195
e0020JA,Encoding,2,"2023,7,14,11,54,54.175",24,-0.123033273685616,-0.0395368348960234,3246.86277252525,6961.69845022004
e0020JA,Encoding,3,"2023,7,14,11,55,11.974",4,0.121305278778958,0.0537376875976463,3230.05533273687,6946.05842590403
e0020JA,Encoding,4,"2023,7,14,11,55,29.507",20,-5.66594441901009,0.138527435961068,2496.59789736188,6878.71723297022
e0020JA,Encoding,5,"2023,7,14,11,55,46.274",28,-0.347429963700598,0.0261445786652788,2398.96636371341,6529.23333265886
e0020JA,Encoding,6,"2023,7,14,11,56,2.707",15,-0.101923276748917,0.00363926807311188,1962.23861080784,6762.10794003805
e0020JA,Encoding,7,"2023,7,14,11,56,18.822",22,-5.38211310886785,0.0153684950919115,2679.67245506503,6728.50801604761
e0020JA,Encoding,8,"2023,7,14,11,56,35.504",3,-6.22710127105669,0.0400585726755258,3245.81910719843,6512.01036216855
e0020JA,Encoding,9,"2023,7,14,11,56,52.769",14,-6.20697274471416,0.00303605690529285,2063.01228381477,6578.51961395818
e0020JA,Encoding,10,"2023,7,14,11,57,8.852",9,-6.17662529694493,0.0340704501211446,2095.64332040998,6595.21298074514
e0020JA,Encoding,11,"2023,7,14,11,57,25.085",30,-6.15581129923253,0.0171263969649522,1562.31655580473,6895.30561740622
e0020JA,Encoding,12,"2023,7,14,11,57,41.118",29,-0.124113679289551,-0.0116886809152614,3245.84549940954,7212.18868554178
e0020JA,Encoding,13,"2023,7,14,11,57,59.051",19,-5.97354042437176,0.0478071895752854,2762.40881124494,6228.5401265712
e0020JA,Encoding,14,"2023,7,14,11,58,15.601",16,-0.0673115706397098,0.0468123702784116,3395.98404385566,6395.05445153026
e0020JA,Encoding,15,"2023,7,14,11,58,32.784",25,-0.213103494579522,0.0840874266581528,2095.63657573375,6961.83510322436
e0020JA,Encoding,16,"2023,7,14,11,58,49.15",5,0.14478672496086,-0.0374682364424883,2195.55807356801,6629.01231255302
e0020JA,Encoding,17,"2023,7,14,11,59,5.266",13,-0.437040943332159,0.0578332156111665,1812.02646141742,6661.82516215815
e0020JA,Encoding,18,"2023,7,14,11,59,20.932",2,-0.0150710759510897,-0.057812901283973,2829.02275213877,6561.85557185029
e0020JA,Encoding,19,"2023,7,14,11,59,37.565",27,-6.15088522094571,0.0253202982569167,2028.88011689987,6595.11679579788
e0020JA,Encoding,20,"2023,7,14,11,59,53.465",23,0.287495246807146,0.149028499878491,1695.89955945537,6378.53527333681
e0020JA,Encoding,21,"2023,7,14,12,0,8.864",12,-0.359837986367092,-0.0499769239295427,1796.15975733236,6245.18481439088
e0020JA,Encoding,22,"2023,7,14,12,0,24.314",17,-0.212756673782668,0.0104102288498461,1295.60156206696,6111.83054323681
e0020JA,Encoding,23,"2023,7,14,12,0,38.898",10,-6.1033318435509,0.0389361352639458,2545.82230358835,6378.48747410999
e0020JA,Encoding,24,"2023,7,14,12,0,55.247",6,-6.02168188071028,-0.00308681935136956,1879.16472757218,6211.80335925919
e0020JA,Encoding,25,"2023,7,14,12,1,10.614",26,-0.213699179490371,-0.0705153946252506,1862.32532388374,6078.50509824198
e0020JA,Encoding,26,"2023,7,14,12,1,25.779",7,-0.130687898170845,-0.0445116458149548,1278.94103892061,6195.15251325697
e0020JA,Encoding,27,"2023,7,14,12,1,40.712",21,0.341857486516328,0.0731401785393999,1762.34341721079,6445.17736592241
e0020JA,Encoding,28,"2023,7,14,12,1,56.061",18,0.308110977782954,0.0892210316740716,1595.56986208895,6145.17534251956
e0020JA,Encoding,29,"2023,7,14,12,2,10.978",11,-0.266500782312593,0.0263456791761909,1762.24547278275,6361.7700610863
e0020JA,Encoding,30,"2023,7,14,12,2,26.41",1,-0.00369740353379289,-0.0239055716389096,1312.39580574981,6261.86146611076
e0020JA,SameDayRecall,1,"2023,7,14,12,3,35.13",7,0.0824595664755678,-0.170607368925824,6532.80126635696,1721.44282112788
e0020JA,SameDayRecall,2,"2023,7,14,12,3,51.176",11,-1.10273080882857,3.72441368901526,1863.67924431477,4379.40768253804
e0020JA,SameDayRecall,3,"2023,7,14,12,4,4.926",2,-0.45890228088634,-0.197530358938168,5979.86303615414,1296.54435049792
e0020JA,SameDayRecall,4,"2023,7,14,12,4,19.526",14,-1.106921842412,-4.38257649365126,2196.63223656107,1545.19006350847
e0020JA,SameDayRecall,5,"2023,7,14,12,4,31.027",9,-2.92595221732669,0.511349699420902,2032.35245214433,11761.8698236444
e0020JA,SameDayRecall,6,"2023,7,14,12,4,52.109",5,0.108630675402251,-0.910360653299889,3862.28544232017,5211.84412056311
e0020JA,SameDayRecall,7,"2023,7,14,12,5,8.575",3,-4.72083119977905,0.470900366403183,2712.17006437064,2379.02968742537
e0020JA,SameDayRecall,8,"2023,7,14,12,5,20.808",22,-5.80692240636987,-0.103285947240847,1912.94294561124,1128.64531419484
e0020JA,SameDayRecall,9,"2023,7,14,12,5,31.308",17,0.411673433146585,-0.574884300350468,4378.95080403871,1995.30922434178
e0020JA,SameDayRecall,10,"2023,7,14,12,5,45.091",26,-0.156126954503771,-0.12942086223395,1595.88832810323,1345.25469510106
e0020JA,SameDayRecall,11,"2023,7,14,12,5,55.441",24,-3.98083951384924,2.02648852274741,4695.95996829423,1978.48008429094
e0020JA,SameDayRecall,12,"2023,7,14,12,6,9.374",27,0.113148064794472,4.06742936670825,2029.52525983858,3078.58456812221
e0020JA,SameDayRecall,13,"2023,7,14,12,6,21.691",25,-4.45553947930437,-2.44744142416862,3479.14062268603,3245.17865620828
e0020JA,SameDayRecall,14,"2023,7,14,12,6,35.541",20,0.455980889836367,0.220880194263501,2378.84670142807,2012.18059193036
e0020JA,SameDayRecall,15,"2023,7,14,12,6,47.024",30,-0.0500622743273542,2.95291451545036,3179.18933097803,1695.27171807727
e0020JA,SameDayRecall,16,"2023,7,14,12,6,59.19",12,-0.434008647662127,-3.05447679909553,2145.8542088393,1345.2250771752
e0020JA,SameDayRecall,17,"2023,7,14,12,7,9.824",1,-3.16573034518971,1.92329616385105,1428.90686100714,1695.21776066779
e0020JA,SameDayRecall,18,"2023,7,14,12,7,20.357",28,-5.31235328635056,1.30506669434247,1262.31775811652,4511.91388397467
e0020JA,SameDayRecall,19,"2023,7,14,12,7,33.407",10,-5.9290733835891,0.0518902766454337,1428.85730229966,1528.54830815659
e0020JA,SameDayRecall,20,"2023,7,14,12,7,43.507",13,-0.514923822381196,0.298799077576178,1995.82093999084,1295.23910903424
e0020JA,SameDayRecall,21,"2023,7,14,12,7,53.973",4,-0.35263515249281,1.69461193454672,1741.55016704799,5628.54311768842
e0020JA,SameDayRecall,22,"2023,7,14,12,8,8.473",16,2.44736686055519,-0.61212414484341,1712.22930022225,4728.30802173667
e0020JA,SameDayRecall,23,"2023,7,14,12,8,22.222",8,0.548748039337456,0.898647804327163,2562.42857607867,5078.49630083842
e0020JA,SameDayRecall,24,"2023,7,14,12,8,37.256",18,0.33662239233221,0.164531362574695,1612.21953510414,2628.59824808504
e0020JA,SameDayRecall,25,"2023,7,14,12,8,48.672",29,-2.63387618702546,-2.40478969604573,2045.7291977325,5228.56446605488
e0020JA,SameDayRecall,26,"2023,7,14,12,9,3.122",19,-5.88112984249741,-0.0348381393723518,1062.12286629989,1828.92568745115
e0020JA,SameDayRecall,27,"2023,7,14,12,9,13.372",21,0.382071167966541,0.23610476930344,2262.69604647609,1228.53631436305
e0020JA,SameDayRecall,28,"2023,7,14,12,9,23.972",15,-0.121878595783016,-1.14828691445776,4479.23680763347,5511.88162682752
e0020JA,SameDayRecall,29,"2023,7,14,12,9,41.222",6,-3.87742635429181,-1.28568006044349,1478.73300964739,4361.7392701733
e0020JA,SameDayRecall,30,"2023,7,14,12,9,54.171",23,-5.95698206581056,0.0852684070691301,1562.20482877757,1278.5454490006
e0020JA,NextDayRecall,1,"2023,7,15,12,8,56.695",23,0.32970950777621,-0.0946039228725897,2249.46152873934,2222.95276085835
e0020JA,NextDayRecall,2,"2023,7,15,12,9,13.686",2,-0.642653789666498,-1.84943348945493,2997.14965791496,4929.63261964326
e0020JA,NextDayRecall,3,"2023,7,15,12,9,28.835",5,-4.69411172886311,-0.606903148441273,2346.21128835169,2996.58486790922
e0020JA,NextDayRecall,4,"2023,7,15,12,9,41.367",21,-6.09061014591382,-4.03488816045595,2063.25032249627,1595.25758207123
e0020JA,NextDayRecall,5,"2023,7,15,12,9,52.069",9,-0.0621450549769089,5.40471217831852,5115.73737792574,2878.75782561127
e0020JA,NextDayRecall,6,"2023,7,15,12,10,7.018",17,-1.28691342561469,-4.24250335135521,2245.34818013575,2745.03983294414
e0020JA,NextDayRecall,7,"2023,7,15,12,10,19.067",18,-6.13598626389907,-3.07480051504578,1829.42638038519,3862.16719250396
e0020JA,NextDayRecall,8,"2023,7,15,12,10,31.883",25,0.312742575218296,-3.56888009220345,3929.46107127703,3679.01981075723
e0020JA,NextDayRecall,9,"2023,7,15,12,10,46.483",24,-5.69081019148269,0.981722818816856,2129.0993828071,2895.05198795231
e0020JA,NextDayRecall,10,"2023,7,15,12,10,58.433",7,-4.03267974740787,-0.378227646383573,7179.45659928972,2228.51444686502
e0020JA,NextDayRecall,11,"2023,7,15,12,11,14.833",1,-3.08302709776424,4.5077517788322,2112.44980744061,1178.55487069798
e0020JA,NextDayRecall,12,"2023,7,15,12,11,25.1",4,-0.437567383017586,1.79314018932853,5762.09936491915,5278.49396369686
e0020JA,NextDayRecall,13,"2023,7,15,12,11,43.182",14,-1.01025904691835,-4.81500837113473,2245.82206416963,1728.96619089607
e0020JA,NextDayRecall,14,"2023,7,15,12,11,54.166",19,-6.14290376043536,-0.0345152513843663,2028.94856686734,1278.54205588841
e0020JA,NextDayRecall,15,"2023,7,15,12,12,4.833",12,-2.53312449431977,-4.03520463001062,2046.19489595225,1778.59850556447
e0020JA,NextDayRecall,16,"2023,7,15,12,12,15.699",6,-3.99949705696559,0.290713949094914,4245.36782755547,3645.17815664391
e0020JA,NextDayRecall,17,"2023,7,15,12,12,30.732",26,1.8301154900466,-0.114736758527824,7545.33554127323,895.282771822793
e0020JA,NextDayRecall,18,"2023,7,15,12,12,46.115",13,-2.47361729977374,0.466279045427426,2445.64189439834,1161.85221797374
e0020JA,NextDayRecall,19,"2023,7,15,12,12,56.749",3,-0.322924488031921,1.06930690843143,1812.39089450597,5211.86809719433
e0020JA,NextDayRecall,20,"2023,7,15,12,13,10.649",29,-0.512593189798191,-2.2377348254535,9511.49828583595,2195.07248578276
e0020JA,NextDayRecall,21,"2023,7,15,12,13,36.382",22,-5.69549857746992,-0.131384996932176,1995.71363680485,861.914415253181
e0020JA,NextDayRecall,22,"2023,7,15,12,13,46.032",28,-0.195480372833337,4.95567817981511,4712.03246105631,1228.58189323125
e0020JA,NextDayRecall,23,"2023,7,15,12,13,58.782",15,-2.91427596532306,-0.375657357882169,1461.67066995065,1461.85688057039
e0020JA,NextDayRecall,24,"2023,7,15,12,14,8.698",20,0.619796871587972,2.09912621395282,3062.27410965664,1678.71073045296
e0020JA,NextDayRecall,25,"2023,7,15,12,14,20.498",30,-0.892206872887138,-1.79965131841652,5862.1718844251,1561.87778894389
e0020JA,NextDayRecall,26,"2023,7,15,12,14,34.998",27,-3.20279611280873,-0.406931370120596,4895.69038247078,4061.83776099181
e0020JA,NextDayRecall,27,"2023,7,15,12,14,51.165",16,-0.806311093195028,4.2261348808731,1945.57488789974,1128.57476737605
e0020JA,NextDayRecall,28,"2023,7,15,12,15,1.231",11,-2.29064259011144,-0.459042452001673,3679.04092440233,1461.77389221543
e0020JA,NextDayRecall,29,"2023,7,15,12,15,13.481",8,2.66043874633645,1.13716079932134,3212.32467976904,1261.94907682054
e0020JA,NextDayRecall,30,"2023,7,15,12,15,25.031",10,-5.36317390608471,-0.222215515030356,1345.77054101072,1161.82699889771
e0024DV,Encoding,1,"2023,10,19,9,27,59.845",3,-0.337332562781196,-0.198995079369172,1615.32037232641,8955.87963611902
e0024DV,Encoding,2,"2023,10,19,9,28,19.186",12,-0.0400022378125853,-0.0555757979098601,4546.50356027901,8861.6147907731
e0024DV,Encoding,3,"2023,10,19,9,28,41.402",24,-5.15131423347983,-0.24536299853576,6863.05960542222,7162.48373227262
e0024DV,Encoding,4,"2023,10,19,9,29,3.568",18,0.291504644973725,0.111956632456089,3629.35592409195,7895.24258047942
e0024DV,Encoding,5,"2023,10,19,9,29,25.536",15,-0.317254817499767,-0.0526493847546639,3148.74054507078,9245.68740275288
e0024DV,Encoding,6,"2023,10,19,9,29,46.001",13,-0.507039041774133,0.155230736675302,3329.11716458574,10194.9297474638
e0024DV,Encoding,7,"2023,10,19,9,30,9.25",4,-0.0133592318237845,0.134026673530935,4112.05216464145,9078.84664672213
e0024DV,Encoding,8,"2023,10,19,9,30,33.033",10,-6.22728288395863,0.230030225130283,2595.39119668892,10645.3641302404
e0024DV,Encoding,9,"2023,10,19,9,30,53.967",26,0.0749255652368425,-0.0355948499348696,5095.37477500828,9612.17415426881
e0024DV,Encoding,10,"2023,10,19,9,31,19.815",27,-0.0984390967321707,-0.117180798038073,3645.4289372299,8978.40812920111
e0024DV,Encoding,11,"2023,10,19,9,31,42.114",22,0.661577483174877,-0.136923886506853,6078.62612701115,7895.06634065725
e0024DV,Encoding,12,"2023,10,19,9,32,9.564",19,-5.55257490116585,0.176787039341585,6461.96210931794,9095.08065097884
e0024DV,Encoding,13,"2023,10,19,9,32,44.062",17,-0.45407340710969,-0.405868983907907,2495.48872974196,7328.45472571978
e0024DV,Encoding,14,"2023,10,19,9,33,2.612",5,0.0172856448664197,-0.0303331491885066,7061.92263863557,9245.37978948581
e0024DV,Encoding,15,"2023,10,19,9,33,29.245",23,-6.13070712427174,-1.55000338824929,3179.67723186768,5228.47073685841
e0024DV,Encoding,16,"2023,10,19,9,33,45.412",16,-0.0131684800443645,-0.29205175674838,2295.47764510755,9728.33877692494
e0024DV,Encoding,17,"2023,10,19,9,34,5.177",7,-5.96169712313489,-0.10234331756931,3528.09514956346,8428.29033296721
e0024DV,Encoding,18,"2023,10,19,9,34,25.926",14,-0.880970398229679,-0.0869660797270306,2395.5167638967,7894.99566878169
e0024DV,Encoding,19,"2023,10,19,9,34,44.576",1,-5.92204296353992,-0.127720521862394,3745.51673457233,8511.43623432097
e0024DV,Encoding,20,"2023,10,19,9,35,10.076",30,0.0483153443930244,0.111840326433554,4295.48673568081,8311.70490474551
e0024DV,Encoding,21,"2023,10,19,9,35,31.859",29,-6.25508511282373,0.019234114346296,3528.77137091127,9311.73862783953
e0024DV,Encoding,22,"2023,10,19,9,35,52.725",21,0.0312945698721244,-0.226917909709876,7695.27372302366,7261.85425406561
e0024DV,Encoding,23,"2023,10,19,9,36,15.691",11,0.4442608045005,-0.16405749457113,2245.55397659788,7378.26901410688
e0024DV,Encoding,24,"2023,10,19,9,36,42.24",9,0.0450229308782666,0.0639223965702502,2295.95592655517,7411.81733460871
e0024DV,Encoding,25,"2023,10,19,9,37,0.522",28,-5.74584005881736,-0.20175507281316,1878.92852052971,6511.87463454426
e0024DV,Encoding,26,"2023,10,19,9,37,16.841",6,-0.209643263342204,0.0293910155946469,3745.26307825567,7245.03170850573
e0024DV,Encoding,27,"2023,10,19,9,37,36.225",8,-5.602703017564,-0.391012779059725,2062.22878568133,9561.3748582897
e0024DV,Encoding,28,"2023,10,19,9,37,56.774",2,0.18386744459061,-6.05986489494777,7045.33703446737,7978.30314774285
e0024DV,Encoding,29,"2023,10,19,9,38,20.157",25,-1.32368106615797,-0.404432869228637,5678.77374619002,9295.04071110568
e0024DV,Encoding,30,"2023,10,19,9,38,44.973",20,-0.166269664953178,-0.0837647736884506,1428.83283491585,6928.36452377423
e0024DV,SameDayRecall,1,"2023,10,19,9,39,52.6",22,-2.14042994773916,-1.7206957046199,4349.087687669,3088.19498165178
e0024DV,SameDayRecall,2,"2023,10,19,9,40,8.59",20,-1.9210907832346,-0.434735648365842,3264.58142602348,4629.34566054162
e0024DV,SameDayRecall,3,"2023,10,19,9,40,24.64",1,-1.83432245039348,-1.1645309196772,1946.55300126737,17613.1283712098
e0024DV,SameDayRecall,4,"2023,10,19,9,40,52.906",30,-0.445266683751285,3.50365077871929,4429.88411571889,2311.86970804015
e0024DV,SameDayRecall,5,"2023,10,19,9,41,15.723",12,-2.02491411988401,3.08908602448913,2865.20586042866,11111.3516040168
e0024DV,SameDayRecall,6,"2023,10,19,9,41,42.655",27,-3.25033562475828,1.12403139712829,2696.01475136119,4028.35496401008
e0024DV,SameDayRecall,7,"2023,10,19,9,42,0.621",17,-0.0265617627279164,-0.803590473302261,3179.05056880613,2778.46390426635
e0024DV,SameDayRecall,8,"2023,10,19,9,42,18.171",15,-2.80829610273858,-3.03226530996173,1978.97057176192,3112.12430273849
e0024DV,SameDayRecall,9,"2023,10,19,9,42,40.454",4,-1.93078905062825,1.16531944417752,6129.15710445895,1078.60442693323
e0024DV,SameDayRecall,10,"2023,10,19,9,42,56.637",14,-4.45083178792111,-0.614753121437655,4462.06386508879,2978.639498951
e0024DV,SameDayRecall,11,"2023,10,19,9,43,17.119",23,-0.0271185006162309,-1.80184956115522,6328.92626254875,3511.93035096071
e0024DV,SameDayRecall,12,"2023,10,19,9,43,45.285",21,-2.99764503479474,-0.625121381477408,778.837790744547,1445.22900326865
e0024DV,SameDayRecall,13,"2023,10,19,9,44,4.619",10,-0.797674952393745,0.867748362924274,3812.31133395067,2245.42348288583
e0024DV,SameDayRecall,14,"2023,10,19,9,44,18.935",26,-3.06232283009847,-1.94502384328323,3028.96579187973,678.589588771729
e0024DV,SameDayRecall,15,"2023,10,19,9,44,30.852",24,-1.60357463204311,-4.34648211110833,2446.22632712117,5295.77030291557
e0024DV,SameDayRecall,16,"2023,10,19,9,44,50.368",6,2.25905652892489,1.22338257093137,2762.25981092784,4678.54794808159
e0024DV,SameDayRecall,17,"2023,10,19,9,45,10.451",7,-0.0121196187836605,0.960326239543347,5228.76310142192,3178.50660063596
e0024DV,SameDayRecall,18,"2023,10,19,9,45,28.435",8,-4.1508740399667,-1.79156509513323,3512.28810900238,3311.8688283073
e0024DV,SameDayRecall,19,"2023,10,19,9,45,46.317",13,-5.64512389077027,0.671693516739716,995.770830755191,4778.70641729965
e0024DV,SameDayRecall,20,"2023,10,19,9,46,0.651",18,-5.45299591043679,0.57769740785259,1595.42697249321,7111.7424986644
e0024DV,SameDayRecall,21,"2023,10,19,9,46,17.65",11,-1.80007034506058,-4.24506743802966,1029.04643406146,6345.07112053939
e0024DV,SameDayRecall,22,"2023,10,19,9,46,43.434",16,-2.31730627349742,-1.95923921571196,3578.77744106804,1461.66387986818
e0024DV,SameDayRecall,23,"2023,10,19,9,46,56.1",25,0.311863232477244,-1.47843653524003,1762.28854886904,2295.54362507429
e0024DV,SameDayRecall,24,"2023,10,19,9,47,11.883",28,-1.06795770571759,-2.20352889250528,3878.74201715704,2028.54088089407
e0024DV,SameDayRecall,25,"2023,10,19,9,47,26.7",19,-3.52693160071577,1.12936531104878,2278.82782043821,1795.22164283662
e0024DV,SameDayRecall,26,"2023,10,19,9,47,39.366",3,-0.408894618823441,0.833531807428618,2845.74822162017,3461.85918056995
e0024DV,SameDayRecall,27,"2023,10,19,9,47,55.683",9,0.895614622007712,1.73941403347609,4128.70785419659,3078.38889237519
e0024DV,SameDayRecall,28,"2023,10,19,9,48,13.399",29,-2.11512788818766,0.0705895580788969,5145.3521072242,5528.45584004808
e0024DV,SameDayRecall,29,"2023,10,19,9,48,35.015",2,-4.64436783380317,-3.80906501268822,3212.03204808285,4228.52674651904
e0024DV,SameDayRecall,30,"2023,10,19,9,48,50.299",5,-0.381827528884575,1.21293984963761,2978.91632156711,2528.53003085511
e0024DV,NextDayRecall,1,"2023,10,20,10,14,46.568",13,-1.54782023289824,1.17296859069643,1665.95163114607,156.395716590221
e0024DV,NextDayRecall,2,"2023,10,20,10,14,59.794",27,-2.63553348067564,-2.43295464363128,2163.77470721422,13296.5513783079
e0024DV,NextDayRecall,3,"2023,10,20,10,15,23.375",16,0.663229429489205,-1.50234666029164,13313.1890769942,33246.203982479
e0024DV,NextDayRecall,4,"2023,10,20,10,16,35.48",22,-1.25640773223157,-1.7660548091137,4146.63555504596,7645.36535284877
e0024DV,NextDayRecall,5,"2023,10,20,10,16,54.143",30,-0.9842839216175,0.051169318357891,5182.68155621837,3711.88271736176
e0024DV,NextDayRecall,6,"2023,10,20,10,17,12.974",29,-2.33407154850567,-0.135025120964421,695.931804672455,8662.19571524127
e0024DV,NextDayRecall,7,"2023,10,20,10,17,30.123",20,-5.9221218046504,0.401914154766616,4011.98092599984,795.081181213249
e0024DV,NextDayRecall,8,"2023,10,20,10,17,43.189",1,-1.96996398396224,-1.36931712727428,6845.92768454297,2411.83054860477
e0024DV,NextDayRecall,9,"2023,10,20,10,18,5.205",10,-1.51314070774064,3.15312122137918,1645.83190986036,3028.51716099911
e0024DV,NextDayRecall,10,"2023,10,20,10,18,17.689",18,-0.762728759853007,0.359703471219986,2428.95210591402,3045.38593883382
e0024DV,NextDayRecall,11,"2023,10,20,10,18,37.339",12,-3.62385388146696,0.59617895014953,7496.0457020598,3278.74332824939
e0024DV,NextDayRecall,12,"2023,10,20,10,18,55.605",24,-4.1381392048909,-4.31259429266182,4379.37800413891,14511.7960333563
e0024DV,NextDayRecall,13,"2023,10,20,10,19,22.355",23,-0.604318452597663,-4.89819536143508,2878.84150756275,3478.73030805374
e0024DV,NextDayRecall,14,"2023,10,20,10,19,40.254",25,-5.24100131916901,-1.38214836838085,5045.53520188784,2561.93258412469
e0024DV,NextDayRecall,15,"2023,10,20,10,19,55.404",4,-1.18830221150934,0.286617850457386,3912.22188759411,3929.19770082114
e0024DV,NextDayRecall,16,"2023,10,20,10,20,11.321",14,-1.15640367168629,-1.05373908336292,7628.87779695944,3261.9109131233
e0024DV,NextDayRecall,17,"2023,10,20,10,20,32.521",8,-3.88873694471072,-1.88448961451067,9912.18904385721,8428.49082736012
e0024DV,NextDayRecall,18,"2023,10,20,10,21,3.685",2,-5.88043662184991,-5.03077149436909,4312.5489173737,15811.7323692915
e0024DV,NextDayRecall,19,"2023,10,20,10,21,31.235",21,2.50118652660371,-1.70004236155451,8895.90852080897,2478.22064363754
e0024DV,NextDayRecall,20,"2023,10,20,10,21,50.768",17,-0.108743959073943,-1.9534365323889,7246.12304612754,5461.93015016917
e0024DV,NextDayRecall,21,"2023,10,20,10,22,11.585",3,-5.18859158454623,-1.82061407151665,3112.18687382461,3995.22299577694
e0024DV,NextDayRecall,22,"2023,10,20,10,22,27.651",19,1.94653974735052,0.515899147847152,6845.46787222729,3928.38951029694
e0024DV,NextDayRecall,23,"2023,10,20,10,22,51.418",6,-3.65880799464339,0.207987531014526,8128.62516410871,3695.24619166606
e0024DV,NextDayRecall,24,"2023,10,20,10,23,13.334",5,4.15610094890998,-0.0693552575283656,2345.79029801887,11711.6923996367
e0024DV,NextDayRecall,25,"2023,10,20,10,23,39.25",26,-3.70323385186267,-5.06432659198989,12462.2365939637,4261.64229827577
e0024DV,NextDayRecall,26,"2023,10,20,10,24,4.45",15,-1.23333213923797,-0.311617041524902,10395.4327264964,5828.6627291327
e0024DV,NextDayRecall,27,"2023,10,20,10,24,29.617",11,0.290571857377141,-4.61827414679817,1895.55457089511,4145.34291940356
e0024DV,NextDayRecall,28,"2023,10,20,10,24,43.333",28,-1.79616937279367,-2.4953524245212,3012.24748811398,3545.13770469782
e0024DV,NextDayRecall,29,"2023,10,20,10,25,2.299",9,-3.00586411666491,0.873690827276322,4862.1718448826,5244.98729797801
e0024DV,NextDayRecall,30,"2023,10,20,10,25,21.082",7,-4.26553730363679,2.10655452976451,4979.01138592647,6311.79585740767
e0013LW,Encoding,1,"2021,10,1,14,8,55.705",32,-0.116719521931039,-0.0189180423825968,8698.10654035197,14303.3975180251
e0013LW,Encoding,2,"2021,10,1,14,9,27.565",15,-5.70603309650968,0.112389949026712,4413.11489639474,8103.02609272963
e0013LW,Encoding,3,"2021,10,1,14,9,48.578",6,-5.42739824842277,-0.267065111396574,4044.69361225324,9147.52381670135
e0013LW,Encoding,4,"2021,10,1,14,10,10.373",1,0.696276223077986,0.117900942904067,4396.99634058405,8095.5908421642
e0013LW,Encoding,5,"2021,10,1,14,10,31.277",33,0.186963938393424,-0.31506566332463,3399.70681271879,7696.9218267931
e0013LW,Encoding,6,"2021,10,1,14,10,50.83",9,0.106252332286681,0.0456320662657008,3479.59345557192,7245.46297227624
e0013LW,Encoding,7,"2021,10,1,14,11,9.882",34,-0.0368949699229305,-0.151000076423695,3846.78691900283,6712.00463797763
e0013LW,Encoding,8,"2021,10,1,14,11,28.958",12,-6.0551049158253,0.0772235024791676,5296.39627143666,7395.42043695403
e0013LW,Encoding,9,"2021,10,1,14,11,50.116",5,-6.1028299572897,-0.0189250320620591,3796.44245767065,6862.24479173234
e0013LW,Encoding,10,"2021,10,1,14,12,9.233",7,-0.0520163028452449,-0.0942336177705743,4162.78228219818,7295.84614207124
e0013LW,Encoding,11,"2021,10,1,14,12,29.214",42,-0.0368880962121398,0.104601061434498,2596.47717798885,7878.73489013686
e0013LW,Encoding,12,"2021,10,1,14,12,48.164",45,-6.23685962288826,0.121746656891519,2712.71165391585,7195.45427753439
e0013LW,Encoding,13,"2021,10,1,14,13,6.463",10,0.121545990339253,-0.0134159896179868,3929.46057117854,7145.48634397687
e0013LW,Encoding,14,"2021,10,1,14,13,25.981",30,-0.0387426700270543,0.0185453250352028,4246.73155417117,7412.0046673022
e0013LW,Encoding,15,"2021,10,1,14,13,46.114",11,-0.106049464306074,-0.0697307568084309,2246.19520736445,7295.33589415229
e0013LW,Encoding,16,"2021,10,1,14,14,4.047",19,0.0417516423274177,-0.071847340906515,11845.8409076313,6995.4171525996
e0013LW,Encoding,17,"2021,10,1,14,14,31.448",14,0.170357610327248,0.109584351675738,3246.11251201213,9895.34023419208
e0013LW,Encoding,18,"2021,10,1,14,14,53.03",13,-0.00920653848435737,-0.11380632786537,4230.13588723165,6862.09347683223
e0013LW,Encoding,19,"2021,10,1,14,15,12.446",21,0.318451260862638,-0.0181491875432762,4362.6141349817,7212.07076493494
e0013LW,Encoding,20,"2021,10,1,14,15,32.496",31,-0.512478005542135,-0.152735464992162,3563.06180421905,7128.6909765588
e0013LW,Encoding,21,"2021,10,1,14,15,51.63",17,-6.26055894435943,0.0268319525125529,2529.40098360546,6945.40992408747
e0013LW,Encoding,22,"2021,10,1,14,16,9.579",35,0.249972027281815,-0.0348809424055609,1562.74333913859,7295.77605629379
e0013LW,Encoding,23,"2021,10,1,14,16,26.928",25,-6.18093071106408,0.0298992767169051,4312.84795462432,7678.69072729968
e0013LW,Encoding,24,"2021,10,1,14,16,47.396",41,-3.32816902511088,0.107385623096428,8179.65653277156,10645.3287242894
e0013LW,Encoding,25,"2021,10,1,14,17,14.647",18,-0.693809310624182,-0.883283544948205,4329.72865660815,8928.69490605426
e0013LW,Encoding,26,"2021,10,1,14,17,36.345",37,-0.458554686198269,0.347755648469197,3579.54633095085,7178.75832048674
e0013LW,Encoding,27,"2021,10,1,14,17,55.563",2,-0.119405952820227,-0.518956169451719,5979.58363183329,7945.24013469379
e0013LW,Encoding,28,"2021,10,1,14,18,17.878",3,-0.270770873076547,0.139927541577207,5313.27990587976,7412.11052908318
e0013LW,Encoding,29,"2021,10,1,14,18,39.077",29,-0.0281373419056283,0.05596603745406,3379.37313990438,7745.32851901722
e0013LW,Encoding,30,"2021,10,1,14,18,58.612",26,1.37663733668399,-0.118711673305254,4363.43698306246,6978.76400945779
e0013LW,Encoding,31,"2021,10,1,14,19,18.411",38,-0.0898715885055159,0.10903471113032,3496.07798230375,6412.07094088247
e0013LW,Encoding,32,"2021,10,1,14,19,36.578",22,-0.0531468917180552,0.120618440287857,3879.60846976353,6995.38988072811
e0013LW,Encoding,33,"2021,10,1,14,19,55.977",20,0.0885316621762606,0.0299133963757465,4746.41558168116,6995.46465844037
e0013LW,Encoding,34,"2021,10,1,14,20,16.244",39,0.0410756823262909,0.372306314688562,4212.68687463475,6711.88470039215
e0013LW,Encoding,35,"2021,10,1,14,20,36.344",43,0.114816878162073,-0.0771989503622525,3346.11846490452,6745.34406105147
e0013LW,Encoding,36,"2021,10,1,14,20,54.896",23,0.154870547447051,0.0405289071767472,4279.09798724795,7462.04884480164
e0013LW,Encoding,37,"2021,10,1,14,21,15.059",27,-0.0410736800511233,0.0459107391811681,2879.31023865235,6878.52609903439
e0013LW,Encoding,38,"2021,10,1,14,21,33.492",24,-0.0945315682554249,-0.132351150798451,5396.37876465463,7178.67621162611
e0013LW,Encoding,39,"2021,10,1,14,21,54.561",40,-0.0176259860420946,-0.0871961390426597,4346.2815096417,7528.8191836795
e0013LW,Encoding,40,"2021,10,1,14,22,14.926",28,-0.00834624440012277,0.0689670264358897,9996.33765157512,7028.77651639665
e0013LW,Encoding,41,"2021,10,1,14,22,40.427",16,0.399287614220994,0.153136149989776,3446.10506356548,7561.86448108519
e0013LW,Encoding,42,"2021,10,1,14,23,0.124",8,-0.198304586126861,-0.148841546475608,4629.51426450843,6728.74927384976
e0013LW,Encoding,43,"2021,10,1,14,23,19.924",44,-0.357118550624555,0.120806739901613,2962.73753286914,7228.72596079833
e0013LW,Encoding,44,"2021,10,1,14,23,38.808",4,0.155694387226904,0.254271582209344,5079.39574916566,8295.3678579587
e0013LW,Encoding,45,"2021,10,1,14,24,0.869",36,-0.305690414559379,3.03972909756327,4195.99619601388,6695.42627254805
e0013LW,SameDayRecall,1,"2021,10,1,14,25,32.004",11,-2.20331250922167,0.405916357488132,10613.5458506142,13027.3583790772
e0013LW,SameDayRecall,2,"2021,10,1,14,26,4.335",10,2.75212782689763,4.9212366305143,21579.6348912218,10015.2159448369
e0013LW,SameDayRecall,3,"2021,10,1,14,26,44.485",36,-3.90857557659388,4.64017663287976,8744.65639934465,1315.39567526761
e0013LW,SameDayRecall,4,"2021,10,1,14,27,2.857",32,-1.60940028015711,-1.21060850883178,10230.6666623658,9745.45901345618
e0013LW,SameDayRecall,5,"2021,10,1,14,27,31.252",9,-6.14930511018803,1.84451509755433,2849.37364135499,6178.6750386425
e0013LW,SameDayRecall,6,"2021,10,1,14,27,48.885",42,-2.8717128078038,2.46172819369546,3563.50225960659,5212.49479855032
e0013LW,SameDayRecall,7,"2021,10,1,14,28,6.058",39,-3.63163290761133,-4.63166450325035,3779.83916633707,9945.67179270325
e0013LW,SameDayRecall,8,"2021,10,1,14,28,28.157",43,-0.451057890854916,-0.0285797155847742,4463.64087695792,4628.78466863367
e0013LW,SameDayRecall,9,"2021,10,1,14,28,45.59",34,-6.19663240773419,0.228626607337242,7396.22217132774,3879.16625490038
e0013LW,SameDayRecall,10,"2021,10,1,14,29,5.307",33,1.8648707871769,0.58945092694365,8279.7654149856,4995.45058263561
e0013LW,SameDayRecall,11,"2021,10,1,14,29,26.906",2,-4.47419895573045,-1.78488777914457,13146.2889580885,3895.32175969839
e0013LW,SameDayRecall,12,"2021,10,1,14,29,52.341",27,-0.48289640823103,-1.58138405571249,4479.56794317611,5995.49134382005
e0013LW,SameDayRecall,13,"2021,10,1,14,30,11.229",29,-4.09146031224195,1.86825576827319,9662.69386855015,14278.5915515262
e0013LW,SameDayRecall,14,"2021,10,1,14,30,43.575",13,-1.30297770503101,-1.78813840378765,5829.75343588919,3645.45775249849
e0013LW,SameDayRecall,15,"2021,10,1,14,31,1.405",26,-0.297217574224506,-1.28239259347429,3329.50960189828,6995.34677357633
e0013LW,SameDayRecall,16,"2021,10,1,14,31,20.04",22,1.59706418127566,2.44971524370785,9080.16200078191,4695.451784944
e0013LW,SameDayRecall,17,"2021,10,1,14,31,42.122",12,-4.98491897410443,4.22748767317862,6929.68461106944,8695.39665470916
e0013LW,SameDayRecall,18,"2021,10,1,14,32,6.14",21,-1.27646914932532,-0.0757830906966221,3496.16302362369,8312.03976884012
e0013LW,SameDayRecall,19,"2021,10,1,14,32,26.339",38,-1.38262155709805,-2.7410782087326,4046.20412204076,9128.63819229119
e0013LW,SameDayRecall,20,"2021,10,1,14,32,47.855",24,-4.68544578132045,1.35154193494996,9679.7751507504,5078.76585690701
e0013LW,SameDayRecall,21,"2021,10,1,14,33,10.972",4,0.476151232512779,2.2045419715323,6429.74487310812,13828.5734142653
e0013LW,SameDayRecall,22,"2021,10,1,14,33,39.539",30,-0.160974080560547,-0.209444023361117,4096.32718269563,3328.8031724519
e0013LW,SameDayRecall,23,"2021,10,1,14,33,55.37",16,1.38151124709278,-4.25523423149129,4379.63676799563,4412.05657183195
e0013LW,SameDayRecall,24,"2021,10,1,14,34,12.537",25,-3.43932156872764,-3.6513430109335,4929.49488095223,2478.74773430863
e0013LW,SameDayRecall,25,"2021,10,1,14,34,28.404",37,-2.18942943590763,-1.2729792924967,5646.0949759055,3695.2359559391
e0013LW,SameDayRecall,26,"2021,10,1,14,34,46.17",31,-0.565860286478955,1.43999491716684,3012.83302840625,3445.37752041219
e0013LW,SameDayRecall,27,"2021,10,1,14,35,1.102",19,4.4798644418872,-1.47388013198901,7596.32175764591,5028.92431234568
e0013LW,SameDayRecall,28,"2021,10,1,14,35,22.053",15,-4.93745523028536,-4.62250148164134,4329.44831349869,3312.29459955375
e0013LW,SameDayRecall,29,"2021,10,1,14,35,38.069",5,-5.07024668523936,1.70450853824395,3879.80729050446,2962.07450382053
e0013LW,SameDayRecall,30,"2021,10,1,14,35,53.287",18,-3.3579743960422,-1.8212688338462,3812.51907931323,7078.59753374305
e0013LW,SameDayRecall,31,"2021,10,1,14,36,12.469",23,-3.9105690711814,-0.598449436740738,4229.5886903255,2528.62417513597
e0013LW,SameDayRecall,32,"2021,10,1,14,36,27.586",45,-0.348981184321838,-3.57296743966689,5079.42419402093,3761.98547435615
e0013LW,SameDayRecall,33,"2021,10,1,14,36,44.75",6,-2.62953759941237,-1.21315236899513,5112.85774903831,3195.45427753451
e0013LW,SameDayRecall,34,"2021,10,1,14,37,1.384",35,-0.521984645650694,1.82272638763825,3062.77603605986,4161.92776355706
e0013LW,SameDayRecall,35,"2021,10,1,14,37,16.933",41,-1.82791934687054,-2.33649012087145,4412.67913294223,3328.80727789484
e0013LW,SameDayRecall,36,"2021,10,1,14,37,33.101",20,-1.60297774507195,-2.42799834587106,3296.64641021532,2578.68682712888
e0013LW,SameDayRecall,37,"2021,10,1,14,37,47.366",3,-2.64314238594314,2.52025345633831,6613.12944139286,5328.80258595992
e0013LW,SameDayRecall,38,"2021,10,1,14,38,7.65",40,-2.8994119884432,-0.521912038305574,2996.37196134904,8862.04069256473
e0013LW,SameDayRecall,39,"2021,10,1,14,38,27.901",17,-5.072025032001,3.13141373589556,2546.54238122157,4028.69558051998
e0013LW,SameDayRecall,40,"2021,10,1,14,38,42.8",44,-0.600147822587231,-1.47822229499199,3846.67489905746,4095.4618139549
e0013LW,SameDayRecall,41,"2021,10,1,14,38,59.134",7,-0.978788694085052,5.14607290237983,3629.60106530386,5295.31155474001
e0013LW,SameDayRecall,42,"2021,10,1,14,39,16.384",1,-3.43382375251446,1.49210766749288,3229.68898043382,5162.04623491308
e0013LW,SameDayRecall,43,"2021,10,1,14,39,33.133",14,-0.958794333157179,-1.30101370391505,4146.38836845893,4678.77400914404
e0013LW,SameDayRecall,44,"2021,10,1,14,39,50.299",8,-5.74963362926255,-0.294443576771701,1812.81701717853,3545.33743369348
e0013LW,SameDayRecall,45,"2021,10,1,14,40,3.966",28,-4.8352276897693,4.18036232959622,1796.13191023032,2395.48934974778
e0013LW,NextDayRecall,1,"2021,10,2,9,39,3.599",5,-4.89817074544115,2.20582467411944,8744.40064677947,6774.48135347481
e0013LW,NextDayRecall,2,"2021,10,2,9,39,27.855",9,-5.44204395130837,3.2255036349437,9293.63871012401,2964.50248465885
e0013LW,NextDayRecall,3,"2021,10,2,9,39,48.517",17,-5.14249139886342,3.91441247107902,5092.87046871577,4430.57617225872
e0013LW,NextDayRecall,4,"2021,10,2,9,40,6.571",2,0.252168412667935,2.35134407938617,5028.90010515762,4394.11622913644
e0013LW,NextDayRecall,5,"2021,10,2,9,40,24.488",11,-3.22584374690204,0.296500636394471,2682.50117444336,2844.62597569723
e0013LW,NextDayRecall,6,"2021,10,2,9,40,38.453",14,-2.6118968420763,-0.1213564575156,5211.07841763023,3610.96070936969
e0013LW,NextDayRecall,7,"2021,10,2,9,40,55.686",28,-1.26914681453053,2.74743835106143,3461.97061340263,2394.56987806307
e0013LW,NextDayRecall,8,"2021,10,2,9,41,9.943",8,-5.70478669165451,-2.07002961917614,2146.05941246759,4294.02696557258
e0013LW,NextDayRecall,9,"2021,10,2,9,41,24.722",23,-0.962413070051727,-2.89757036232778,2945.04601882727,14990.7669100789
e0013LW,NextDayRecall,10,"2021,10,2,9,41,51.434",25,-0.111035115968133,1.1813125372484,4111.48415043908,4111.24691580312
e0013LW,NextDayRecall,11,"2021,10,2,9,42,8.142",40,0.414032486497621,1.57097410799552,3528.35056534559,3327.65915394316
e0013LW,NextDayRecall,12,"2021,10,2,9,42,23.419",36,-3.9278274870241,3.46044732194382,4128.60023353983,7542.8723161549
e0013LW,NextDayRecall,13,"2021,10,2,9,42,43.548",29,1.88569973732753,-0.903549866212025,12808.1604609333,4044.18253167182
e0013LW,NextDayRecall,14,"2021,10,2,9,43,8.756",4,-5.07543180808725,4.60011329610246,2661.70077000083,5176.99991144013
e0013LW,NextDayRecall,15,"2021,10,2,9,43,25.15",3,-5.20009462694553,1.49730077683179,4411.33172205377,3377.63941860203
e0013LW,NextDayRecall,16,"2021,10,2,9,43,41.226",1,-3.70874119079349,2.41088634066171,3728.18716962365,2577.85430802255
e0013LW,NextDayRecall,17,"2021,10,2,9,43,55.955",21,-1.12259920982258,-0.156325915731015,4344.39577892431,12790.9866087059
e0013LW,NextDayRecall,18,"2021,10,2,9,44,21.431",45,-3.25897740142917,-1.70510242772784,6677.05768056658,5926.76663560246
e0013LW,NextDayRecall,19,"2021,10,2,9,44,42.524",37,-0.991406630811644,-2.72464779072211,3945.2677115155,5826.83689693567
e0013LW,NextDayRecall,20,"2021,10,2,9,45,0.619",6,-2.14533690090062,0.142109385333003,3145.32043684017,4427.27746716673
e0013LW,NextDayRecall,21,"2021,10,2,9,45,16.613",22,0.253642942600698,5.51684790732006,2845.15205596517,5077.04817945159
e0013LW,NextDayRecall,22,"2021,10,2,9,45,33.005",38,-1.49393471742748,0.731388877303835,5061.28424580197,7176.26592096599
e0013LW,NextDayRecall,23,"2021,10,2,9,45,53.6",20,-1.47403153573464,-1.62763753711984,3678.39458131471,5127.02815086595
e0013LW,NextDayRecall,24,"2021,10,2,9,46,10.776",35,-2.84819317955962,4.5139079371587,3861.53297561441,6526.52834528681
e0013LW,NextDayRecall,25,"2021,10,2,9,46,29.503",15,-4.94598315673984,-2.41432711994378,3378.15347585411,3510.94827581142
e0013LW,NextDayRecall,26,"2021,10,2,9,46,44.832",43,-0.504935450179166,-0.158151688238402,3144.95534769094,3411.04141020014
e0013LW,NextDayRecall,27,"2021,10,2,9,46,59.708",27,-0.309088808019704,-2.13865788496518,3578.31910023265,5860.06235546711
e0013LW,NextDayRecall,28,"2021,10,2,9,47,17.469",33,-4.36275435869343,4.38226903738051,8693.25356306467,6693.27291718855
e0013LW,NextDayRecall,29,"2021,10,2,9,47,41.247",41,3.65105700951031,-3.42712647658848,7010.40430764169,4227.4311858273
e0013LW,NextDayRecall,30,"2021,10,2,9,48,0.888",10,-4.61916223172928,5.28626553144766,3261.75073882905,7609.37865638971
e0013LW,NextDayRecall,31,"2021,10,2,9,48,20.165",12,0.0449847864292225,0.980043999307585,6893.82503754996,7276.31237086234
e0013LW,NextDayRecall,32,"2021,10,2,9,48,42.725",19,-6.04659315662932,-0.751304677760001,2578.8228939341,19821.8708047739
e0013LW,NextDayRecall,33,"2021,10,2,9,49,46.714",32,-3.79874465264279,-0.713249437113875,3061.71824736066,2661.17058431291
e0013LW,NextDayRecall,34,"2021,10,2,9,50,0.797",30,2.86093895205477,0.160627127304872,4361.32594514083,2477.96972897777
e0013LW,NextDayRecall,35,"2021,10,2,9,50,15.991",18,-0.792764411798904,0.525359882211088,4045.30037893028,3977.42458783023
e0013LW,NextDayRecall,36,"2021,10,2,9,50,32.369",13,1.11118682535345,1.28929378315599,4977.71724563836,4443.91262962154
e0013LW,NextDayRecall,37,"2021,10,2,9,50,50.264",16,2.62081208296055,-5.76008068954152,3411.61880821983,2794.60348385965
e0013LW,NextDayRecall,38,"2021,10,2,9,51,4.873",24,-1.99589206325535,0.250966578609825,6843.75679960203,2894.52530493008
e0013LW,NextDayRecall,39,"2021,10,2,9,51,23.002",7,-5.7363481590048,4.14653210179852,3561.87806550224,3027.82917698642
e0013LW,NextDayRecall,40,"2021,10,2,9,51,37.996",42,-0.400225778888825,2.31197635859559,3378.48132297768,3927.52584508617
e0013LW,NextDayRecall,41,"2021,10,2,9,53,8.649",34,2.07602858418995,-5.80224494762394,6860.53711798331,4944.16012780766
e0013LW,NextDayRecall,42,"2021,10,2,9,53,28.778",39,0.556720477808916,-0.798991040437751,6510.84124164345,5293.61964924465
e0013LW,NextDayRecall,43,"2021,10,2,9,53,48.886",26,-1.38218427996305,1.23988483355441,5244.55665274536,3244.45225777617
e0013LW,NextDayRecall,44,"2021,10,2,9,54,5.764",44,-4.29172777312868,-2.74022780218168,4461.41902088084,3994.05887055173
e0013LW,NextDayRecall,45,"2021,10,2,9,54,22.558",31,0.618714201215244,2.3403688669125,2611.96917650568,2211.35260104757
e0015TJ,Encoding,1,"2022,11,10,10,55,59.897",1,-0.259783602974177,0.109256927962299,2348.60515826935,6872.58484705595
e0015TJ,Encoding,2,"2022,11,10,10,56,20.211",10,-0.347313122121257,0.0600122954211368,2046.48758876478,6597.07618699078
e0015TJ,Encoding,3,"2022,11,10,10,56,35.6",8,-5.92874570313056,0.0241615299302322,2161.07334135648,6663.76033096628
e0015TJ,Encoding,4,"2022,11,10,10,56,51.1",14,-0.00881459376295979,0.150557702003807,1696.70652431456,6628.70630379551
e0015TJ,Encoding,5,"2022,11,10,10,57,6.067",9,0.133298042982005,-0.0124622057437129,2432.86015572399,6346.47122578103
e0015TJ,Encoding,6,"2022,11,10,10,57,21.532",22,0.747275335697885,0.0948880967899663,2129.03180401017,6278.43317685863
e0015TJ,Encoding,7,"2022,11,10,10,57,36.565",19,-0.270494834398873,-0.0197713076944668,2595.61935359763,6778.50912690873
e0015TJ,Encoding,8,"2022,11,10,10,57,52.631",20,-0.464593342282081,-0.307505430014607,2279.43577616847,6395.03703078118
e0015TJ,Encoding,9,"2022,11,10,10,58,7.965",27,-6.18347347011383,0.0386217646752582,2328.96429937105,6478.88266039828
e0015TJ,Encoding,10,"2022,11,10,10,58,23.431",16,-0.407392911794505,0.0607624273895074,3246.10543391816,6278.37100925006
e0015TJ,Encoding,11,"2022,11,10,10,58,39.614",2,-0.00866300118739005,0.149902303822136,2629.15819193134,6678.48496364957
e0015TJ,Encoding,12,"2022,11,10,10,58,55.598",26,0.309214626713744,0.112785227531914,2612.14068881711,6411.72375529891
e0015TJ,Encoding,13,"2022,11,10,10,59,11.264",4,-0.169644479362472,0.120488860636184,2578.93644124456,6511.75935505211
e0015TJ,Encoding,14,"2022,11,10,10,59,27.031",29,-6.22529899997059,-0.0345100508815026,2978.75744545084,6228.44778038177
e0015TJ,Encoding,15,"2022,11,10,10,59,42.847",24,-6.1829630715594,0.0175842352299285,2178.69639216735,6278.46631336698
e0015TJ,Encoding,16,"2022,11,10,10,59,57.964",28,-0.29471780327536,0.0433573859936454,1978.94893341498,6661.57009573811
e0015TJ,Encoding,17,"2022,11,10,11,0,13.247",6,0.112848755098281,0.149095122633107,2562.05646930209,6428.42895415316
e0015TJ,Encoding,18,"2022,11,10,11,0,28.914",18,0.0976598139366584,-0.0373612887696777,2945.54322760149,6295.01110806137
e0015TJ,Encoding,19,"2022,11,10,11,0,44.847",7,-0.567264378928959,-0.021701676186054,1996.02684467715,6628.78665249713
e0015TJ,Encoding,20,"2022,11,10,11,1,0.097",3,0.0431213104187389,0.00105763939721193,2145.38217830608,5995.08934541024
e0015TJ,Encoding,21,"2022,11,10,11,1,14.846",13,-0.124306041748578,-6.18676933918158,2728.77650627424,6545.04013916159
e0015TJ,Encoding,22,"2022,11,10,11,1,30.797",11,-0.0411217473218604,0.217790486427968,2862.08643878132,6645.08394973103
e0015TJ,Encoding,23,"2022,11,10,11,1,46.98",21,0.111431101351312,-0.130408045882118,2162.15482315073,6144.99714967377
e0015TJ,Encoding,24,"2022,11,10,11,2,1.946",30,-6.17899416636283,0.0380917919708876,1495.76057963674,6228.29206811696
e0015TJ,Encoding,25,"2022,11,10,11,2,16.296",25,-0.151981532294032,-0.114326536384738,2862.16033612737,6345.04518294869
e0015TJ,Encoding,26,"2022,11,10,11,2,32.179",15,-0.025422896822489,-0.204191661300324,1645.76632720804,6495.09931568713
e0015TJ,Encoding,27,"2022,11,10,11,2,46.996",17,0.0932735435392433,-0.0197799928754308,2095.51319947354,5995.12160218831
e0015TJ,Encoding,28,"2022,11,10,11,3,1.729",23,-5.49335636152515,-0.213754030096881,2028.95749612332,6195.09075297878
e0015TJ,Encoding,29,"2022,11,10,11,3,16.628",5,-0.400953318265969,0.0651890973213325,1912.23253266145,6395.06342269044
e0015TJ,Encoding,30,"2022,11,10,11,3,31.578",12,0.286083119705301,-0.0327282327889336,2279.05426645742,6428.35769599805
e0015TJ,SameDayRecall,1,"2022,11,10,11,5,5.156",20,-0.695250401281698,0.199522710098293,1666.21507177433,1471.7067002606
e0015TJ,SameDayRecall,2,"2022,11,10,11,5,15.262",2,-0.0760025530079353,5.64619990921266,2346.47386497193,1247.50449835437
e0015TJ,SameDayRecall,3,"2022,11,10,11,5,25.562",12,0.53705627148918,5.8259127719365,2795.0292891544,1180.90480848866
e0015TJ,SameDayRecall,4,"2022,11,10,11,5,36.245",5,-0.372699827331079,-0.135423797192773,3513.38157774353,1211.91236947732
e0015TJ,SameDayRecall,5,"2022,11,10,11,5,47.562",26,0.310312790191498,0.585493534797158,2048.9977525823,1311.84797321862
e0015TJ,SameDayRecall,6,"2022,11,10,11,5,57.594",22,-0.356975847683104,5.77686188404635,1995.1251211096,1228.53135476123
e0015TJ,SameDayRecall,7,"2022,11,10,11,6,7.461",27,-5.97547255160919,0.00314123417995427,1512.18309181809,1412.3820868142
e0015TJ,SameDayRecall,8,"2022,11,10,11,6,16.96",18,5.52207541466091,-2.54245248460955,2429.27554795472,1045.45419889416
e0015TJ,SameDayRecall,9,"2022,11,10,11,6,27.027",10,-0.188394561311097,0.455853054886341,1362.68377566171,761.7602347824
e0015TJ,SameDayRecall,10,"2022,11,10,11,6,35.76",15,-6.22268382577515,-0.266900319148756,1378.83650388142,1461.71355042725
e0015TJ,SameDayRecall,11,"2022,11,10,11,6,45.193",6,-2.91934128939395,1.39653811783618,1645.82937454702,1078.57516533068
e0015TJ,SameDayRecall,12,"2022,11,10,11,6,54.56",30,-6.16751475453008,-0.0520806357457131,2396.05605172346,2245.37085910947
e0015TJ,SameDayRecall,13,"2022,11,10,11,7,5.81",23,-6.08895428256853,0.310616781405158,1645.32734178351,2145.02764699114
e0015TJ,SameDayRecall,14,"2022,11,10,11,7,16.226",11,0.572169739511774,0.93069470357874,1779.04400293721,1295.17737709
e0015TJ,SameDayRecall,15,"2022,11,10,11,7,25.943",16,-5.28454661478466,-4.69877288190126,845.553667067747,1278.44637281328
e0015TJ,SameDayRecall,16,"2022,11,10,11,7,34.643",1,-0.137616269912481,0.39189479828818,2245.87465133357,1811.83946915894
e0015TJ,SameDayRecall,17,"2022,11,10,11,7,45.309",19,-0.247037411818122,0.227382051103997,2529.0733272808,2478.52548989249
e0015TJ,SameDayRecall,18,"2022,11,10,11,7,56.943",25,-4.36246979935723,-1.85527784453244,879.170801399141,1561.83682996812
e0015TJ,SameDayRecall,19,"2022,11,10,11,8,6.026",14,0.0870055083183585,-0.340096032039766,1728.73105354154,4028.52290935027
e0015TJ,SameDayRecall,20,"2022,11,10,11,8,18.426",3,-0.0193050670236981,0.710940155247581,2495.55648220485,1478.55979937458
e0015TJ,SameDayRecall,21,"2022,11,10,11,8,29.009",29,-5.50530946790518,0.911263905896122,2129.02242022017,1578.46373282473
e0015TJ,SameDayRecall,22,"2022,11,10,11,8,39.325",8,-2.15561412132265,-3.71605175011768,1379.18194464976,4145.16752411043
e0015TJ,SameDayRecall,23,"2022,11,10,11,8,51.475",28,-0.188877580993757,-0.190004132715476,1278.89972716628,1828.43646118511
e0015TJ,SameDayRecall,24,"2022,11,10,11,9,1.224",4,-0.280044099996476,0.232675747729601,1812.18842884857,2478.65979538642
e0015TJ,SameDayRecall,25,"2022,11,10,11,9,12.09",9,-4.01654161014364,-0.0994607042093447,2595.4539642994,2311.90427595845
e0015TJ,SameDayRecall,26,"2022,11,10,11,9,23.64",24,0.379408341131309,0.188737881327136,1962.26220889719,1561.99987331877
e0015TJ,SameDayRecall,27,"2022,11,10,11,9,33.773",17,2.57913306019518,-2.52380844153716,1945.86051699991,1528.32936868208
e0015TJ,SameDayRecall,28,"2022,11,10,11,9,43.874",13,-0.241912467764633,-6.09224476239598,1995.56997140291,2112.03834685773
e0015TJ,SameDayRecall,29,"2022,11,10,11,9,54.64",7,-0.643416998596782,0.0953812637670692,1529.03579212091,1478.55628045329
e0015TJ,SameDayRecall,30,"2022,11,10,11,10,4.273",21,0.00539083635513971,-0.304060496820551,2645.70797176418,2011.84058348406
e0015TJ,NextDayRecall,1,"2022,11,11,11,9,28.994",12,0.229879026875849,2.70172283201989,2165.75369942342,1856.11235479276
e0015TJ,NextDayRecall,2,"2022,11,11,11,9,43.364",6,-1.29143882531969,1.26780128650736,1796.65678042395,1047.75805937962
e0015TJ,NextDayRecall,3,"2022,11,11,11,9,52.945",2,-6.19662907400528,5.63092974097896,2328.61483710573,1847.59096877945
e0015TJ,NextDayRecall,4,"2022,11,11,11,10,3.81",5,-1.51915973288146,0.0191060994105179,1730.13812392856,1461.90785912309
e0015TJ,NextDayRecall,5,"2022,11,11,11,10,13.628",22,-0.506233506185438,-0.0859601682833624,2149.6214509376,1162.24356519378
e0015TJ,NextDayRecall,6,"2022,11,11,11,10,23.643",16,1.44724588252074,-3.54531351435368,2812.49959678909,1578.33170973741
e0015TJ,NextDayRecall,7,"2022,11,11,11,10,34.576",30,0.336496809003471,-0.45243357864014,1713.11851820137,2845.44266106296
e0015TJ,NextDayRecall,8,"2022,11,11,11,10,45.726",26,-5.92920851813268,0.0413737640664766,1195.43002223379,2262.09794007612
e0015TJ,NextDayRecall,9,"2022,11,11,11,10,55.809",27,0.245154460867464,-0.33898262177975,2495.73417521816,1679.0045294514
e0015TJ,NextDayRecall,10,"2022,11,11,11,11,6.592",10,-0.315702906423137,0.810697256969278,1379.07866160957,961.948620080307
e0015TJ,NextDayRecall,11,"2022,11,11,11,11,15.525",21,0.226738545693254,-0.0915333784778458,2045.55755417835,1645.22601217668
e0015TJ,NextDayRecall,12,"2022,11,11,11,11,25.858",3,0.0955526952033343,0.790506691813626,1395.74666742519,1111.83604359488
e0015TJ,NextDayRecall,13,"2022,11,11,11,11,34.907",28,-0.195584732636857,-0.191362681300085,1445.82311621329,1045.23088003199
e0015TJ,NextDayRecall,14,"2022,11,11,11,11,44.007",7,-0.62241325816298,0.947185911632289,1679.07197563963,1045.2226691917
e0015TJ,NextDayRecall,15,"2022,11,11,11,11,53.358",23,-5.89195438323,0.435400214559154,1395.55283294519,1195.20011870529
e0015TJ,NextDayRecall,16,"2022,11,11,11,12,2.541",11,-1.42153934251492,1.05044935119731,1612.58381655105,1011.93211042641
e0015TJ,NextDayRecall,17,"2022,11,11,11,12,11.707",24,-6.12463304046791,0.156152365874589,1412.24019288435,1561.8675087079
e0015TJ,NextDayRecall,18,"2022,11,11,11,12,21.307",14,-0.0801908241898275,-0.220652312849356,3262.11876042117,3945.2023180375
e0015TJ,NextDayRecall,19,"2022,11,11,11,12,35.157",18,-2.94233736545726,-2.44366664197446,1728.79066638595,1411.93697828174
e0015TJ,NextDayRecall,20,"2022,11,11,11,12,44.874",4,-0.317497729587651,0.245658535002789,1679.03297414816,1328.41777693844
e0015TJ,NextDayRecall,21,"2022,11,11,11,12,54.44",19,-0.156484946126238,0.32155900708045,1562.35253477436,761.699421077111
e0015TJ,NextDayRecall,22,"2022,11,11,11,13,3.357",15,-4.3547234943679,-0.0380462153941261,2245.60030919679,2028.54967822304
e0015TJ,NextDayRecall,23,"2022,11,11,11,13,14.207",9,-3.76211988324942,0.388240195252666,2878.80066601644,2028.52797814506
e0015TJ,NextDayRecall,24,"2022,11,11,11,13,25.723",17,-1.37841903020947,-2.63632522998765,2345.54793576544,3411.57276886543
e0015TJ,NextDayRecall,25,"2022,11,11,11,13,38.123",1,3.78427389336538,-1.17149799606468,2379.20827558867,1862.41358823693
e0015TJ,NextDayRecall,26,"2022,11,11,11,13,48.99",25,-1.95720157398944,-4.25298473049041,2479.06440993677,2945.34454152137
e0015TJ,NextDayRecall,27,"2022,11,11,11,14,1.006",13,-0.362307204226513,-3.14428288390854,1346.27254242218,1728.5305586949
e0015TJ,NextDayRecall,28,"2022,11,11,11,14,10.706",20,-0.651682862556465,0.253065797870989,2028.98954466787,1261.81202688696
e0015TJ,NextDayRecall,29,"2022,11,11,11,14,20.605",29,-1.6423006984856,1.0224200200785,2045.544358185,1245.2516417282
e0015TJ,NextDayRecall,30,"2022,11,11,11,14,30.472",8,-2.10127330177614,-0.84882657890184,1462.01284058128,1211.89803543916
